Token_ID,Symbol,Series,Price_Band,Company_Name,ISIN,High_Price_Rs
16921,20MICRONS,EQ,20,20 MICRONS LTD,INE144J01027,226.02
13061,360ONE,EQ,20,360 ONE WAM LIMITED,INE466L01038,1040.0
6232,3IINFOLTD,EQ,20,3I INFOTECH LIMITED,INE748C01038,25.97
474,3MINDIA,EQ,20,3M INDIA LIMITED,INE470A01017,29440.0
445,5PAISA,EQ,20,5PAISA CAPITAL LIMITED,INE618L01018,423.0
12533,AAATECH,EQ,20,AAA TECHNOLOGIES LIMITED,INE0D0U01013,89.5
235,AAKASH,EQ,20,AAKASH EXPLORATION SER L,INE087Z01024,8.42
1030,AARON,EQ,20,AARON INDUSTRIES LIMITED,INE721Z01010,399.45
4481,AARTIDRUGS,EQ,20,AARTI DRUGS LTD.,INE767A01016,480.0
13868,AARTIPHARM,EQ,20,AARTI PHARMALABS LIMITED,INE0LRU01027,925.55
19073,AARVI,EQ,20,AARVI ENCON LIMITED,INE754X01016,121.6
5385,AAVAS,EQ,20,AAVAS FINANCIERS LIMITED,INE216P01012,1838.0
17903,ABBOTINDIA,EQ,20,ABBOTT INDIA LIMITED,INE358A01014,30840.0
24404,ABGSEC,EQ,20,BIRLASLAMC - ABGSEC,INF209KC1134,110.9
625,ABREL,EQ,20,ADITYA BIRLA REAL EST LTD,INE055A01016,2213.0
6018,ABSLAMC,EQ,20,ADIT BIRL SUN LIF AMC LTD,INE404A01024,759.4
13987,ABSLBANETF,EQ,20,BIRLASLAMC - ABSLBANETF,INF209KB17D5,56.85
14518,ABSLLIQUID,EQ,20,BIRLASLAMC - ABSLLIQUID,INF209KB18T9,1000.01
7339,ABSLNN50ET,EQ,20,BIRLASLAMC - ABSLNN50ET,INF209KB16D7,70.0
23806,ABSLPSE,EQ,20,BIRLASLAMC-ABSLPSE,INF209KB19Z4,10.19
7053,ACCELYA,EQ,20,ACCELYA SOLN INDIA LTD,INE793A01012,1405.0
1465,ACCURACY,EQ,20,ACCURACY SHIPPING LIMITED,INE648Z01023,8.75
13587,ACE,EQ,20,ACTION CONST EQUIP LTD,INE731H01025,1277.0
11779,ACEINTEG,EQ,20,ACE INTEGRATED SOLU. LTD.,INE543V01017,27.14
12024,ACI,EQ,20,ARCHEAN CHEMICAL IND LTD,INE128X01021,628.7
13688,ACLGATI,EQ,20,ALLCARGO GATI LIMITED,INE152B01027,69.61
5578,ACUTAAS,EQ,20,ACUTAAS CHEMICALS LIMITED,INE00FF01025,1194.0
17388,ADANIPOWER,EQ,20,ADANI POWER LTD,INE814H01011,559.9
19761,ADFFOODS,EQ,20,ADF FOODS LIMITED,INE982B01027,264.0
34,ADOR,EQ,20,ADOR WELDING LTD,INE045A01017,1003.9
14813,ADSL,EQ,20,ALLIED DIGITAL SERV. LTD,INE102I01027,209.6
14745,ADVANIHOTR,EQ,20,ADVANI HOT.& RES.(I) LTD,INE199C01026,62.15
18039,ADVENZYMES,EQ,20,ADVANCED ENZYME TECH LTD,INE837H01020,307.95
40,AEGISLOG,EQ,20,AEGIS LOGISTICS LIMITED,INE208C01025,811.8
18268,AEROFLEX,EQ,20,AEROFLEX INDUSTRIES LTD,INE024001021,166.3
25977,AFCONS,EQ,20,AFCONS INFRASTRUCTURE LTD,INE101I01011,429.7
11343,AFFLE,EQ,20,AFFLE 3I LIMITED,INE00WC01027,1785.0
25855,AFFORDABLE,EQ,20,AFFORD ROBO & AUTO LTD,INE692Z01013,438.4
24159,AFIL,EQ,20,AKME FINTRADE (INDIA) LTD,INE916Y01027,8.5
13288,AFSL,EQ,20,ABANS FINANCIAL SRVCS LTD,INE00ZE01026,219.0
3389,AGARIND,EQ,20,AGARWAL INDS CORP LTD.,INE204E01012,965.95
29452,AGARWALEYE,EQ,20,DR AGARWALS HEALTH CARE L,INE943P01029,337.6
1412,AGI,EQ,20,AGI GREENPAC LIMITED,INE415A01038,863.35
24445,AGIIL,EQ,20,AGI INFRA LIMITED,INE976R01025,857.5
11072,AGRITECH,EQ,20,AGRI-TECH (INDIA) LIMITED,INE449G01018,165.0
9046,AGROPHOS,EQ,20,AGRO PHOS INDIA LIMITED,INE740V01019,35.44
2004,AHLADA,EQ,20,AHLADA ENGINEERS LIMITED,INE00PV01013,71.39
19438,AHLEAST,EQ,20,ASIAN HOTELS (EAST) LTD,INE926K01017,142.18
17833,AHLUCONT,EQ,20,AHLUWALIA CONT IND LTD,INE758C01029,996.0
13086,AIAENG,EQ,20,AIA ENGINEERING LIMITED,INE212H01026,3525.9
23553,AIIL,EQ,20,AUTHUM INVEST & INFRA LTD,INE206F01022,2410.6
9897,AIRAN,EQ,20,AIRAN LIMITED,INE645W01026,26.98
6068,AIROLAM,EQ,20,AIRO LAM LIMITED,INE801L01010,97.08
8124,AJANTPHARM,EQ,20,AJANTA PHARMA LIMITED,INE031B01049,2561.0
17307,AJMERA,EQ,20,AJMERA REALTY & INF I LTD,INE298G01027,864.4
3403,AJOONI,EQ,20,AJOONI BIOTECH LIMITED,INE820Y01021,5.92
13510,AKASH,EQ,20,AKASH INFRA-PROJECTS LTD,INE737W01013,30.0
2176,AKG,EQ,20,AKG EXIM LIMITED,INE00Y801016,15.53
20178,AKSHARCHEM,EQ,20,AKSHARCHEM INDIA LIMITED,INE542B01011,251.59
1467,AKZOINDIA,EQ,20,AKZO NOBEL INDIA LIMITED,INE133A01011,3375.0
9921,ALANKIT,EQ,20,ALANKIT LIMITED,INE914E01040,14.6
17256,ALBERTDAVD,EQ,20,ALBERT DAVID LIMITED,INE155C01010,811.95
79,ALEMBICLTD,EQ,20,ALEMBIC LIMITED,INE426A01027,114.6
13656,ALICON,EQ,20,ALICON CASTALLOY LIMITED,INE062D01024,906.35
5265,ALIVUS,EQ,20,ALIVUS LIFE SCIENCES LTD,INE03Q201024,1052.9
16959,ALKALI,EQ,20,ALKALI METALS LTD,INE773I01017,103.34
4487,ALKYLAMINE,EQ,20,ALKYL AMINES CHEM. LTD,INE150B01039,1999.9
13501,ALLCARGO,EQ,20,ALLCARGO LOGISTICS LTD,INE418H01029,32.09
11798,ALLDIGI,EQ,20,ALLDIGI TECH LIMITED,INE835G01018,928.7
17675,ALOKINDS,EQ,20,ALOK INDUSTRIES LIMITED,INE270A01029,19.94
14848,ALPA,EQ,20,ALPA LABORATORIES LTD,INE385I01010,101.25
7412,ALPHA,EQ,20,KOTAKMAMC - KOTAKALPHA,INF174KA1IA5,49.6
19640,ALPHAETF,EQ,20,MIRAEAMC - ALPHAETF,INF769K01KU7,24.5
22344,ALPL30IETF,EQ,20,ICICIPRAMC - ICICIALPLV,INF109KC17V7,27.29
1185,AMBER,EQ,20,AMBER ENTERPRISES (I) LTD,INE371P01015,6502.0
11496,AMBICAAGAR,EQ,20,AMBICA AGAR & AROMAINDLTD,INE792B01012,31.08
15234,AMBIKCO,EQ,20,AMBIKA COTTON MILL LTD.,INE540G01014,1560.0
14398,AMDIND,EQ,20,AMD INDUSTRIES LIMITED,INE005I01014,51.16
2598,AMJLAND,EQ,20,AMJ LAND HOLDINGS LIMITED,INE606A01024,62.6
19867,AMNPLST,EQ,20,AMINES & PLASTICIZERS LTD,INE275D01022,230.98
17547,AMRUTANJAN,EQ,20,AMRUTAJAN HEALTH LTD,INE098F01031,735.0
7145,ANANDRATHI,EQ,20,ANAND RATHI WEALTH LTD,INE463V01026,1990.6
13620,ANANTRAJ,EQ,20,ANANT RAJ LIMITED,INE242C01024,585.9
166,ANDHRAPAP,EQ,20,ANDHRA PAPER LIMITED,INE435A01051,79.47
136,ANDHRSUGAR,EQ,20,ANDHRA SUGARS LTD,INE715B01021,75.5
3727,ANMOL,EQ,20,ANMOL INDIA LIMITED,INE02AR01019,18.0
28314,ANUHPHR,EQ,20,ANUH PHARMA LIMITED,INE489G01022,228.59
9014,ANUP,EQ,20,THE ANUP ENGINEERING LTD,INE294Z01018,2778.7
2829,ANURAS,EQ,20,ANUPAM RASAYAN INDIA LTD,INE930P01018,1008.0
30472,AONELIQUID,EQ,20,AONEAMC - AONELIQUID,INF1J2R01056,1010.75
757096,AONENIFTY,EQ,20,AONEAMC - AONENIFTY,INF1J2R01064,10.18
29975,AONETOTAL,EQ,20,AONEAMC - AONETOTAL,INF1J2R01015,11.64
11491,APARINDS,EQ,20,APAR INDUSTRIES LTD.,INE372A01015,8180.0
20453,APCL,EQ,20,ANJANI PORTLAND CEM LTD,INE071F01012,142.1
154,APCOTEXIND,EQ,20,APCOTEX INDUSTRIES LIMITE,INE116A01032,390.0
21623,APEX,EQ,20,APEX FROZEN FOODS LIMITED,INE346W01013,235.78
25328,APLLTD,EQ,20,ALEMBIC PHARMA LTD,INE901L01018,1015.8
14361,APOLLOPIPE,EQ,20,APOLLO PIPES LIMITED,INE126J01016,468.8
163,APOLLOTYRE,EQ,20,APOLLO TYRES LTD,INE438A01022,474.9
6302,APOLSINHOT,EQ,20,APOLLO SINDOORI HOTEL LTD,INE451F01024,1363.9
5435,APTUS,EQ,20,APTUS VALUE HSG FIN I LTD,INE852O01025,340.6
16795,ARCHIDPLY,EQ,20,ARCHIDPLY IND. LTD,INE877I01016,97.39
5688,ARCHIES,EQ,20,ARCHIES LTD,INE731A01020,21.26
100,ARE&M,EQ,20,AMARA RAJA ENERGY MOB LTD,INE885A01032,1037.0
15204,ARIES,EQ,20,ARIES AGRO LTD.,INE298I01015,304.85
3813,ARIHANTCAP,EQ,20,ARIHANT CAPITAL MKTS LTD,INE420B01036,71.18
20159,ARIHANTSUP,EQ,20,ARIHANT SUPERSTRUCT LTD,INE643K01018,375.6
25398,ARKADE,EQ,20,ARKADE DEVELOPERS LIMITED,INE0QRL01017,187.0
17263,ARMANFIN,EQ,20,ARMAN FIN SERV LTD,INE109C01017,1587.0
14557,AROGRANITE,EQ,20,ARO GRANITE IND. LTD.,INE210C01013,42.42
16913,ARTEMISMED,EQ,20,ARTEMIS MED SERVICE LTD,INE025R01021,280.8
193,ARVIND,EQ,20,ARVIND LIMITED,INE034A01011,357.95
9111,ARVINDFASN,EQ,20,ARVIND FASHIONS LIMITED,INE955V01021,459.4
10457,ARVSMART,EQ,20,ARVIND SMARTSPACES LTD,INE034S01021,678.2
5378,ASAHIINDIA,EQ,20,ASAHI INDIA GLASS LIMITED,INE439A01020,754.8
10634,ASAL,EQ,20,AUTOMOTIVE STAMPINGS & AS,INE900C01027,493.0
17598,ASALCBR,EQ,20,ASSO ALCOHOLS & BREW LTD,INE073G01016,1107.5
24403,ASHIANA,EQ,20,ASHIANA HOUSING LTD,INE365D01021,321.8
20182,ASHOKA,EQ,20,ASHOKA BUILDCON LTD,INE442H01029,224.56
16943,ASHOKAMET,EQ,20,ASHOKA METCAST LIMITED,INE760Y01011,18.35
7030,ASIANENE,EQ,20,ASIAN ENERGY SERVICES LTD,INE276G01015,315.0
14889,ASIANTILES,EQ,20,ASIAN GRANITO IND. LTD.,INE022I01019,61.59
17270,ASPINWALL,EQ,20,ASPINWALL & CO LTD,INE991I01015,287.4
17728,ASTEC,EQ,20,ASTEC LIFESCIENCES LTD,INE563J01010,697.8
1508,ASTERDM,EQ,20,ASTER DM HEALTHCARE LTD.,INE914M01019,563.9
11618,ASTRAMICRO,EQ,20,ASTRA MICROWAVE LTD,INE386C01029,1136.2
5610,ASTRAZEN,EQ,20,ASTRAZENECA PHARMA IND LT,INE203A01020,9488.0
15404,ATAM,EQ,20,ATAM VALVES LIMITED,INE09KD01013,106.97
757645,ATHERENERG,EQ,20,ATHER ENERGY LIMITED,INE0LEZ01016,319.9
17778,ATL,EQ,20,ALLCARGO TERMINALS LTD,INE0NN701020,29.85
263,ATUL,EQ,20,ATUL LTD,INE100A01010,7184.5
30023,ATULAUTO,EQ,20,ATUL AUTO LIMITED,INE951D01028,502.0
12022,AURIONPRO,EQ,20,AURIONPRO SOLN LTD,INE132H01018,1374.8
10310,AURUM,EQ,20,AURUM PROPTECH LIMITED,INE898S01029,204.7
278,AUTOAXLES,EQ,20,AUTOMOTIVE AXLES LIMITED,INE449A01011,1775.0
7880,AUTOBEES,EQ,20,NIPPONAMC - NETFAUTO,INF204KC1337,244.0
7844,AUTOIETF,EQ,20,ICICIPRAMC - ICICIAUTO,INF109KC10V2,23.91
14106,AUTOIND,EQ,20,AUTOLINE INDUSTRIES LTD,INE718H01014,90.73
21406,AVADHSUGAR,EQ,20,AVADH SUG & ENERGY LTD,INE349W01017,554.5
24610,AVANTEL,EQ,20,AVANTEL LIMITED,INE005B01027,154.0
7936,AVANTIFEED,EQ,20,AVANTI FEEDS LIMITED,INE871C01038,865.9
15589,AVG,EQ,20,AVG LOGISTICS LIMITED,INE680Z01018,285.0
25984,AVL,EQ,20,ADITYA VISION LIMITED,INE679V01027,409.75
14008,AVTNPL,EQ,20,AVT NATURAL PRODUCTS LTD,INE488D01021,66.15
23864,AWFIS,EQ,20,AWFIS SPACE SOLUTIONS LTD,INE108V01019,662.9
1797,AWHCL,EQ,20,ANTONY WASTE HDG CELL LTD,INE01BK01022,634.45
8110,AWL,EQ,20,AWL AGRI BUSINESS LIMITED,INE699H01024,273.9
1044,AXISBNKETF,EQ,20,AXISAMC - AXISBNKETF,INF846K01X63,572.68
3530,AXISBPSETF,EQ,20,AXISAMC - AXISBPSETF,INF846K01Z04,12.82
5732,AXISCETF,EQ,20,AXISAMC - AXISCETF,INF846K016C7,119.8
20532,AXISGOLD,EQ,20,AXIS MF - AXIS GOLD ETF,INF846K01W80,81.31
3608,AXISHCETF,EQ,20,AXISAMC - AXISHCETF,INF846K01Z12,144.79
11193,AXISILVER,EQ,20,AXISAMC - AXISILVER,INF846K011K1,98.99
21252,AXISNIFTY,EQ,20,AXISAMC - AXISNIFTY,INF846K01W98,273.13
3010,AXISTECETF,EQ,20,AXISAMC - AXISTECETF,INF846K01Y96,401.35
30155,AXISVALUE,EQ,20,AXISAMC - AXISVALUE,INF846KA1119,28.2
9902,AXITA,EQ,20,AXITA COTTON LIMITED,INE02EZ01022,9.55
14742,AXSENSEX,EQ,20,AXISAMC - AXSENSEX,INF846K010Q0,84.7
20905,AZAD,EQ,20,AZAD ENGINEERING LIMITED,INE02IJ01035,1899.0
13794,BAIDFIN,EQ,20,BAID FINSERV LIMITED,INE020D01022,10.94
19531,BAJAJCON,EQ,20,BAJAJ CONSUMER CARE LTD,INE933K01021,177.0
15034,BAJAJELEC,EQ,20,BAJAJ ELECT.LTD,INE193E01025,688.4
6863,BAJAJHCARE,EQ,20,BAJAJ HEALTHCARE LIMITED,INE411U01027,544.65
308,BAJAJHIND,EQ,20,BAJAJ HINDUSTHAN SUGAR LT,INE306A01021,24.85
305,BAJAJHLDNG,EQ,20,BAJAJ HOLDINGS & INVS LTD,INE118A01012,13549.0
29678,BAJAJINDEF,EQ,20,INDEF MANUFACTURING LTD,INE0O9T01021,249.58
20531,BAJEL,EQ,20,BAJEL PROJECTS LIMITED,INE0KQN01018,218.5
25203,BALAJEE,EQ,20,SHREE TIRUPATI BALAJEE L,INE0S2G01011,50.9
14501,BALAMINES,EQ,20,BALAJI AMINES LIMITED,INE050E01027,1452.7
11309,BALAXI,EQ,20,BALAXI PHARMA LTD,INE618N01022,57.24
10181,BALKRISHNA,EQ,20,BALKRISHNA PAPER MILLS L,INE875R01011,22.0
338,BALMLAWRIE,EQ,20,BALMER LAWRIE & CO LTD,INE164A01016,213.0
341,BALRAMCHIN,EQ,20,BALRAMPUR CHINI MILLS LTD,INE119A01028,596.0
347,BANARBEADS,EQ,20,BANARAS BEADS LTD,INE655B01011,128.0
350,BANARISUG,EQ,20,BANNARI AMMAN SUGARS LTD,INE459A01010,4201.2
11439,BANKBEES,EQ,20,NIP IND ETF BANK BEES,INF204KB15I9,573.98
21986,BANKBETF,EQ,20,BFAM - BANKBETF,INF0QA701714,56.5
17419,BANKETF,EQ,20,MIRAEAMC - BANKETF,INF769K01KR3,567.97
13644,BANKETFADD,EQ,20,DSPAMC - DSPBANKETF,INF740KA1RX3,56.92
11037,BANKIETF,EQ,20,ICICIPRAMC - IPRU5008,INF109KC15I8,56.93
5851,BANKNIFTY1,EQ,20,KOTAKMAMC-KOTAKBKETF,INF174K01F59,575.0
25725,BANKPSU,EQ,20,MIRAEAMC - BANKPSU,INF769K01LZ4,71.88
14511,BANSWRAS,EQ,20,BANSWARA SYNTEX LIMITED,INE629D01020,150.99
3127,BARBEQUE,EQ,20,BARBEQUE NATION HOSP. LTD,INE382M01027,314.25
368,BASF,EQ,20,BASF INDIA LTD,INE373A01013,5257.5
12034,BASML,EQ,20,BANNARI AM SPIN MILL LTD.,INE186H01022,34.23
371,BATAINDIA,EQ,20,BATA INDIA LTD,INE176A01028,1272.9
17927,BAYERCROP,EQ,20,BAYER CROPSCIENCE LTD,INE462A01022,5682.0
7196,BBETF0432,EQ,20,EDELAMC - BBETF0432,INF754K01OB1,1289.36
13761,BBL,EQ,20,BHARAT BIJLEE LTD,INE464A01036,2994.9
24117,BBNPNBETF,EQ,20,BARODABNP - BBNPNBETF,INF251K01TL6,56.12
20547,BBNPPGOLD,EQ,20,BARODABNP - BBNPPGOLD,INF251K01SU9,94.75
380,BBTC,EQ,20,BOMBAY BURMAH TRADING COR,INE050A01025,2070.0
12153,BBTCL,EQ,20,B&B TRIPLEWALL CONT LTD,INE01EE01011,159.74
2513,BCLIND,EQ,20,BCL INDUSTRIES LIMITED,INE412G01024,42.45
7780,BCONCEPTS,EQ,20,BRAND CONCEPTS LIMITED,INE977Y01011,344.0
17933,BEARDSELL,EQ,20,BEARDSELL LIMITED,INE520H01022,30.45
1628,BECTORFOOD,EQ,20,MRS BECTORS FOOD SPE LTD,INE495P01012,1528.0
20196,BEDMUTHA,EQ,20,BEDMUTHA INDUST LTD,INE844K01012,159.3
757102,BELRISE,EQ,20,BELRISE INDUSTRIES LTD,INE894V01022,94.0
395,BEML,EQ,20,BEML LIMITED,INE258A01016,4255.0
419,BEPL,EQ,20,BHANSALI ENG. POLYMERS LT,INE922A01025,122.45
404,BERGEPAINT,EQ,20,BERGER PAINTS (I) LTD,INE463A01038,564.15
21113,BFINVEST,EQ,20,BF INVESTMENT LIMITED,INE878K01010,510.95
5220,BFSI,EQ,20,MIRAEAMC - MAFSETF,INF769K01HI8,27.59
14567,BFUTILITIE,EQ,20,BF UTILITIES LIMITED,INE243D01012,764.0
6164,BHAGCHEM,EQ,20,BHAGIRADHA CHEM & INDS L,INE414D01027,309.0
13400,BHAGERIA,EQ,20,BHAGERIA INDUSTRIES LTD,INE354C01027,193.03
20776,BHAGYANGR,EQ,20,BHAGYANAGAR INDIA LIMITED,INE458B01036,79.18
19556,BHANDARI,EQ,20,BHANDARI HOSIERY EXP LTD,INE474E01029,6.63
426,BHARATGEAR,EQ,20,BHARAT GEARS LTD.,INE561C01019,87.4
3834,BHARATRAS,EQ,20,BHARAT RASAYAN LTD,INE838B01013,9139.5
16123,BHARATWIRE,EQ,20,BHARAT WIRE ROPES LTD.,INE316L01019,198.0
23489,BHARTIHEXA,EQ,20,BHARTI HEXACOM LIMITED,INE343G01021,1891.9
18431,BIGBLOC,EQ,20,BIGBLOC CONSTRUCTION LTD,INE412U01025,64.76
11966,BIKAJI,EQ,20,BIKAJI FOODS INTERN LTD,INE00E101023,774.95
4136,BIOFILCHEM,EQ,20,BIOFIL CHEM & PHARMA LTD,INE829A01014,49.48
477,BIRLACABLE,EQ,20,BIRLA CABLE LIMITED,INE800A01015,193.6
480,BIRLACORPN,EQ,20,BIRLA CORPORATION LTD,INE340A01012,1392.0
1455,BIRLANU,EQ,20,BIRLANU LIMITED,INE557A01011,2331.0
15067,BLAL,EQ,20,BEML LAND ASSETS LIMITED,INE0N7W01012,207.8
8132,BLBLIMITED,EQ,20,BLB LIMITED,INE791A01024,15.2
19265,BLISSGVS,EQ,20,BLISS GVS PHARMA LTD,INE416D01022,135.05
13290,BLKASHYAP,EQ,20,B.L.KASHYAP & SON LTD,INE350H01032,70.99
17279,BLS,EQ,20,BLS INTL SERVS LTD,INE153T01027,418.35
495,BLUEDART,EQ,20,BLUE DART EXPRESS LTD,INE233B01017,6648.0
25017,BODALCHEM,EQ,20,BODAL CHEMICALS LTD,INE338D01028,75.53
513,BOMDYEING,EQ,20,BOMBAY DYEING & MFG. CO L,INE032A01023,155.62
19401,BOROLTD,EQ,20,BOROSIL LIMITED,INE02PY01013,368.0
24014,BOROSCI,EQ,20,BOROSIL SCIENTIFIC LTD,INE02L001032,145.2
530,BPL,EQ,20,BPL LTD,INE110A01019,83.52
15184,BRIGADE,EQ,20,BRIGADE ENTER. LTD,INE791I01019,1187.9
3001,BSE500IETF,EQ,20,ICICIPRAMC - ICICI500,INF109KC1V59,38.87
809,BSHSL,EQ,20,BOMBAY SUPER HYBRID SEEDS,INE032Z01020,142.0
23804,BSLGOLDETF,EQ,20,ADITYBIRLA SL GOLD ETF-GR,INF209KB18D3,85.55
24781,BSLNIFTY,EQ,20,ADITYBIRLA SL NIF ETF-GR,INF209KB19D1,28.9
5957,BSLSENETFG,EQ,20,BIRLASLAMC - BSLSENETFG,INF209KB10E8,82.3
2716,BUTTERFLY,EQ,20,BTRFLY GANDHI APPL LTD,INE295F01017,773.95
15073,BVCL,EQ,20,BARAK VALLEY CEM. LTD.,INE139I01011,39.82
9362,CAMPUS,EQ,20,CAMPUS ACTIVEWEAR LIMITED,INE278Y01022,299.6
583,CANFINHOME,EQ,20,CAN FIN HOMES LTD,INE477A01020,794.0
20160,CANTABIL,EQ,20,CANTABIL RETAIL LTD,INE068L01024,241.0
21749,CAPACITE,EQ,20,CAPACITE INFRAPROJECT LTD,INE264T01014,337.05
22675,CAPITALSFB,EQ,20,CAPITAL SMALL FIN BANK L,INE646H01017,300.0
3906,CAPLIPOINT,EQ,20,CAPLIN POINT LAB LTD.,INE475E01026,2168.0
595,CARBORUNIV,EQ,20,CARBORUNDUM UNIVERSAL LTD,INE120A01034,1001.15
29113,CARERATING,EQ,20,CARE RATINGS LIMITED,INE752H01013,1857.9
28879,CARRARO,EQ,20,CARRARO INDIA LIMITED,INE0V7W01012,456.45
5407,CARTRADE,EQ,20,CARTRADE TECH LIMITED,INE290S01011,1544.9
1879,CARYSIL,EQ,20,CARYSIL LIMITED,INE482D01024,910.0
30139,CASHIETF,EQ,20,ICICIPRAMC - CASHIETF,INF109K1A021,1013.12
1250,CASTROLIND,EQ,20,CASTROL INDIA LIMITED,INE172A01027,219.0
6385,CCHHL,EQ,20,COUNTRY CLUB HOSP HOL LTD,INE652F01027,17.3
11452,CCL,EQ,20,CCL PRODUCTS (I) LTD,INE421D01022,905.0
15254,CEATLTD,EQ,20,CEAT LIMITED,INE482A01020,3822.7
13162,CELEBRITY,EQ,20,CELEBRITY FASHIONS LTD,INE185H01016,13.56
19795,CELLO,EQ,20,CELLO WORLD LIMITED,INE0LMW01024,629.15
619,CENTENKA,EQ,20,CENTURY ENKA LTD,INE485A01015,466.35
11511,CENTEXT,EQ,20,CENTURY EXTRUSIONS LTD,INE281A01026,21.5
14894,CENTRALBK,EQ,20,CENTRAL BANK OF INDIA,INE483A01010,41.2
2454,CENTRUM,EQ,20,CENTRUM CAPITAL LIMITED,INE660C01027,34.47
13305,CENTURYPLY,EQ,20,CENTURY PLYBOARDS (I) LTD,INE348B01021,785.0
15039,CERA,EQ,20,CERA SANITARYWARE LTD,INE739E01017,6507.0
28764,CEWATER,EQ,20,CONCORD ENVIRO SYSTEMS L,INE037Z01029,599.15
20329,CGCL,EQ,20,CAPRI GLOBAL CAPITAL LTD,INE180C01042,162.39
8546,CHALET,EQ,20,CHALET HOTELS LIMITED,INE427F01016,938.7
270,CHEMCON,EQ,20,CHEMCON SPECIAL CHEM LTD,INE03YM01018,204.0
2799,CHEMFAB,EQ,20,CHEMFAB ALKALIS LIMITED,INE783X01023,798.95
5449,CHEMPLASTS,EQ,20,CHEMPLAST SANMAR LIMITED,INE488A01050,428.7
2049,CHENNPETRO,EQ,20,CHENNAI PETROLEUM CORP LT,INE178A01016,674.0
9879,CHEVIOT,EQ,20,CHEVIOT COMPANY LIMITED,INE974B01016,1106.0
8866,CHOICEIN,EQ,20,CHOICE INTERNATIONAL LTD,INE102B01014,712.75
21740,CHOLAHLDNG,EQ,20,CHOLAMANDALAM FIN HOL LTD,INE149A01033,1890.0
14937,CIEINDIA,EQ,20,CIE AUTOMOTIVE INDIA LTD,INE536H01010,450.8
756015,CIFL,EQ,20,CAPITAL INDIA FINANCE LTD,INE345H01024,37.9
5142,CIGNITITEC,EQ,20,CIGNITI TECHNOLOGIES LTD,INE675C01017,1647.9
8024,CINEVISTA,EQ,20,CINEVISTA LIMITED,INE039B01026,14.87
5049,CLEAN,EQ,20,CLEAN SCIENCE & TECH LTD,INE227W01023,1562.9
20223,CLEDUCATE,EQ,20,CL EDUCATE LIMITED,INE201M01029,90.0
3482,CLSEL,EQ,20,CHAMAN LAL SETIA EXP LTD,INE419D01026,347.05
7603,CMSINFO,EQ,20,CMS INFO SYSTEMS LIMITED,INE925R01014,496.0
6006,COASTCORP,EQ,20,COASTAL CORPORATION LTD,INE377E01024,39.39
21508,COCHINSHIP,EQ,20,COCHIN SHIPYARD LIMITED,INE704P01025,1949.9
17945,COHANCE,EQ,20,COHANCE LIFESCIENCES LTD,INE03QK01018,1069.6
13198,COMMOIETF,EQ,20,ICICIPRAMC - ICICICOMMO,INF109KC19O8,86.99
31138,COMPUSOFT,EQ,20,COMPUCOM SOFTWARE LTD,INE453B01029,23.12
21578,COMSYN,EQ,20,COMMERCIAL SYN BAGS LTD,INE073V01015,119.0
18060,CONCORDBIO,EQ,20,CONCORD BIOTECH LIMITED,INE338H01029,1834.9
10238,CONFIPET,EQ,20,CONFIDENCE PETRO IND LTD.,INE552D01024,61.74
10512,CONS,EQ,20,KOTAKMAMC - KOTAKCONS,INF174KA1JE5,116.98
11731,CONSOFINVT,EQ,20,CONSO. FIN. & HOLD. LTD.,INE025A01027,206.92
2435,CONSUMBEES,EQ,20,NIP IND ETF CONSUMPTION,INF204KA1LD7,127.0
28969,CONSUMER,EQ,20,MIRAEAMC - CONSUMER,INF769K01NS5,11.67
6446,CONSUMIETF,EQ,20,ICICIPRAMC - ICICICONSU,INF109KC1V42,118.5
17477,CONTROLPR,EQ,20,CONTROL PRINT LIMITED,INE663B01015,754.9
4007,CORALFINAC,EQ,20,CORAL INDIA FIN & HOUS LT,INE558D01021,46.49
15271,CORDSCABLE,EQ,20,CORDS CABLE INDUS LTD.,INE792I01017,199.9
739,COROMANDEL,EQ,20,COROMANDEL INTERNTL. LTD,INE169A01031,2308.6
20086,CPCAP,EQ,20,CP CAPITAL LIMITED,INE521J01018,176.99
2328,CPSEETF,EQ,20,CPSE ETF,INF457M01133,92.39
2854,CRAFTSMAN,EQ,20,CRAFTSMAN AUTOMATION LTD,INE00LO01017,5670.0
11155,CREATIVE,EQ,20,CREATIVE NEWTECH LIMITED,INE985W01018,710.25
4421,CREDITACC,EQ,20,CREDITACCESS GRAMEEN LTD,INE741K01010,1165.0
13900,CREST,EQ,20,CREST VENTURES LIMITED,INE559D01011,406.1
757,CRISIL,EQ,20,CRISIL LTD,INE007A01025,5299.0
14966,CSBBANK,EQ,20,CSB BANK LIMITED,INE679A01013,375.0
10350,CSLFINANCE,EQ,20,CSL FINANCE LIMITED,INE718F01018,342.45
5701,CUB,EQ,20,CITY UNION BANK LTD,INE491A01021,199.6
18520,CUPID,EQ,20,CUPID LIMITED,INE509F01029,109.45
17187,CYIENTDLM,EQ,20,CYIENT DLM LIMITED,INE055S01018,492.35
781,DALMIASUG,EQ,20,DALMIA BHARAT SUG IN LTD,INE495A01022,443.9
28662,DAMCAPITAL,EQ,20,DAM CAPITAL ADVISORS LTD,INE284H01025,276.6
17541,DAMODARIND,EQ,20,DAMODAR INDUSTRIES LTD,INE497D01022,39.45
11423,DATAMATICS,EQ,20,DATAMATICS GLOBAL SER LTD,INE365B01017,612.35
7358,DATAPATTNS,EQ,20,DATA PATTERNS INDIA LTD,INE0IX101010,2972.0
21794,DAVANGERE,EQ,20,DAVANGERE SUGAR COMPANY L,INE179G01029,3.82
17881,DBCORP,EQ,20,D.B.CORP LTD,INE950I01011,256.4
25892,DBEIL,EQ,20,DEEPAK BUILDERS & ENG I L,INE0OPA01019,149.4
18086,DBL,EQ,20,DILIP BUILDCON LIMITED,INE917M01012,492.6
18124,DBREALTY,EQ,20,VALOR ESTATE LIMITED,INE879I01012,206.9
31107,DBSTOCKBRO,EQ,20,DB (INT) STOCK BROKERS,INE921B01025,30.45
21704,DCAL,EQ,20,DISHMAN CARBO AMCIS LTD,INE385W01011,277.0
13725,DCBBANK,EQ,20,DCB BANK LIMITED,INE503A01015,148.5
805,DCM,EQ,20,DCM LTD,INE498A01018,107.04
11039,DCMNVL,EQ,20,DCM NOUVELLE LIMITED,INE08KP01019,188.0
811,DCMSHRIRAM,EQ,20,DCM SHRIRAM LIMITED,INE499A01024,1088.0
7325,DCMSRIND,EQ,20,DCM SHRIRAM IND LTD,INE843D01027,167.6
817,DCW,EQ,20,DCW LTD,INE500A01029,77.85
11895,DCXINDIA,EQ,20,DCX SYSTEMS LIMITED,INE0KL801015,311.45
29098,DDEVPLSTIK,EQ,20,DDEV PLASTIKS IND LTD,INE0HR601026,277.9
14838,DECCANCE,EQ,20,DECCAN CEMENTS LIMITED,INE583C01021,729.55
24154,DEEDEV,EQ,20,DEE DEVELOPMENT ENG LTD,INE841L01016,300.95
827,DEEPAKFERT,EQ,20,DEEPAK FERTILIZERS & PETR,INE501A01019,1507.9
19943,DEEPAKNTR,EQ,20,DEEPAK NITRITE LTD,INE288B01029,2036.2
3292,DEEPINDS,EQ,20,DEEP INDUSTRIES LIMITED,INE0FHS01024,436.95
15044,DELTACORP,EQ,20,DELTA CORP LIMITED,INE124G01033,93.6
17722,DEN,EQ,20,DEN NETWORKS LTD,INE947J01015,38.0
4279,DENORA,EQ,20,DE NORA INDIA LIMITED,INE244A01016,909.9
29256,DENTA,EQ,20,DENTA WATER N INFRA SOL L,INE0R4L01018,282.45
8146,DEVIT,EQ,20,DEV INFO TECHNOLOGY LTD,INE060X01026,106.6
5373,DEVYANI,EQ,20,DEVYANI INTERNATIONAL LTD,INE872J01023,170.5
857,DHAMPURSUG,EQ,20,DHAMPUR SUGAR MILLS LTD.,INE041A01016,152.7
15384,DHANI,EQ,20,DHANI SERVICES LIMITED,INE274G01010,61.36
24409,DHANUKA,EQ,20,DHANUKA AGRITECH LTD,INE435G01025,1658.5
13001,DHARMAJ,EQ,20,DHARMAJ CROP GUARD LTD,INE00OQ01016,252.0
22233,DHUNINV,EQ,20,DHUNSERI INVESTMENTS LTD,INE320L01011,1462.9
18644,DIAMINESQ,EQ,20,DIAMINES & CHEMICALS LTD,INE591D01014,377.45
21840,DIAMONDYD,EQ,20,PRATAAP SNACKS LIMITED,INE393P01035,1180.0
703,DICIND,EQ,20,DIC INDIA LIMITED,INE303A01010,664.0
25672,DIFFNKG,EQ,20,DIFFUSION ENGINEERS LTD,INE184O01015,324.3
21247,DIGIDRIVE,EQ,20,DIGIDRIVE DISTRIBUTORS L,INE0PSC01024,33.98
16683,DIGISPICE,EQ,20,DIGISPICE TECHNOLOGIES LT,INE927C01020,21.3
14479,DIVGIITTS,EQ,20,DIVGI TORQTRANSFER SYST L,INE753U01022,558.65
2636,DIVOPPBEES,EQ,20,NIP IND ETF DIV OPP,INF204KA1MS3,78.9
12749,DJML,EQ,20,DJ MEDIAPRINT & LOG LTD,INE0B1K01014,112.99
17851,DLINKINDIA,EQ,20,D-LINK INDIA LTD,INE250K01012,486.75
6973,DMCC,EQ,20,DMCC SPECIALITY CHEMICALS,INE505A01010,273.95
641,DNAMEDIA,EQ,20,DILIGENT MEDIA CORP LTD.,INE016M01021,5.4
4822,DODLA,EQ,20,DODLA DAIRY LIMITED,INE021O01019,1239.9
12124,DOLATALGO,EQ,20,DOLAT ALGOTECH LIMITED,INE966A01022,100.77
20560,DOLLAR,EQ,20,DOLLAR INDUSTRIES LIMITED,INE325C01035,410.55
20551,DOMS,EQ,20,DOMS INDUSTRIES LIMITED,INE321T01012,2485.5
13839,DONEAR,EQ,20,DONEAR IND. LIMITED,INE668D01028,110.6
936,DPABHUSHAN,EQ,20,D. P. ABHUSHAN LIMITED,INE266Y01019,1557.6
15419,DPSCLTD,EQ,20,DPSC LIMITED,INE360C01024,13.55
16900,DPWIRES,EQ,20,D P WIRES LIMITED,INE864X01013,261.95
2645,DRCSYSTEMS,EQ,20,DRC SYSTEMS INDIA LIMITED,INE03RS01027,19.01
10859,DREAMFOLKS,EQ,20,DREAMFOLKS SERVICES LTD,INE0JS101016,259.2
11271,DREDGECORP,EQ,20,DREDGING CORP OF INDIA,INE506A01018,823.8
25690,DSSL,EQ,20,DYNACONS SYS & SOLN LTD,INE417B01040,1099.0
6227,DTIL,EQ,20,DHUNSERI TEA & IND. LTD.,INE341R01014,201.8
28952,DUCON,EQ,20,DUCON INFRATECHNOLOGIES L,INE741L01018,7.14
15214,DVL,EQ,20,DHUNSERI VENTURES LIMITED,INE477B01010,339.25
11667,DWARKESH,EQ,20,DWARIKESH SUGAR IND LTD,INE366A01041,49.7
4525,DYNAMATECH,EQ,20,DYNAMATIC TECHNOLOGIES,INE221B01012,6908.0
21314,DYNPRO,EQ,20,DYNEMIC PRODUCTS LIMITED,INE256H01015,294.0
2792,EASEMYTRIP,EQ,20,EASY TRIP PLANNERS LTD,INE07O001026,11.12
25258,EBANKNIFTY,EQ,20,EDELAMC - EBANKNIFTY,INF754K01TE4,56.0
16253,EBBETF0430,EQ,20,EDELAMC - EBBETF0430,INF754K01KO2,1567.24
22239,EBBETF0431,EQ,20,EDELAMC - EBBETF0431,INF754K01LE1,1370.23
13139,EBBETF0433,EQ,20,EDELAMC - EBBETF0433,INF754K01QX0,1256.42
29019,ECAPINSURE,EQ,20,EDELAMC - ECAPINSURE,INF754K01TX4,22.87
15179,ECLERX,EQ,20,ECLERX SERVICES LTD,INE738I01010,3570.0
25060,ECOSMOBLTY,EQ,20,ECOS (INDIA) MOB & HOSP L,INE06HJ01020,290.2
15119,EDELWEISS,EQ,20,EDELWEISS FIN SERV LTD,INE532F01054,109.8
19933,EGOLD,EQ,20,EDELAMC - EGOLD,INF754K01SE6,97.6
916,EIDPARRY,EQ,20,EID PARRY INDIA LTD,INE126A01031,959.9
27213,EIEL,EQ,20,ENVIRO INFRA ENGINEERS L,INE0LLY01014,235.7
6040,EIFFL,EQ,20,EURO (I) FRESH FOODS LTD,INE546V01010,223.0
15399,EIHAHOTELS,EQ,20,EIH ASSOCIATED HOTELS LTD,INE276C01014,403.7
919,EIHOTEL,EQ,20,EIH LIMITED,INE230A01023,380.5
4040,EIMCOELECO,EQ,20,EIMCO ELECON (INDIA) LTD,INE158B01016,2456.3
13091,EKC,EQ,20,EVEREST KANTO CYLINDERLTD,INE184H01027,133.79
8953,ELDEHSG,EQ,20,ELDECO HSG & IND LTD.,INE668G01021,825.3
13643,ELECON,EQ,20,ELECON ENG. CO. LTD,INE205B01031,703.0
928,ELECTCAST,EQ,20,ELECTROSTEEL CASTINGS LTD,INE086A01029,108.5
937,ELGIEQUIP,EQ,20,ELGI EQUIPMENTS LTD,INE285A01027,545.0
13517,EMAMILTD,EQ,20,EMAMI LIMITED,INE548C01032,590.35
10074,EMAMIPAP,EQ,20,EMAMI PAPER MILLS LIMITED,INE830C01026,100.5
14450,EMBDL,EQ,20,EMBASSY DEVELOPMENTS LTD,INE069I01010,115.75
11530,EMIL,EQ,20,ELECTRONICS MART IND LTD,INE02YR01019,128.39
18142,EMMBI,EQ,20,EMMBI INDUSTRIES LIMITED,INE753K01015,114.64
18593,EMSLIMITED,EQ,20,EMS LIMITED,INE0OV601013,597.95
9756,EMUDHRA,EQ,20,EMUDHRA LIMITED,INE01QM01018,793.1
25996,EMULTIMQ,EQ,20,EDELAMC - EMULTIMQ,INF754K01TF1,42.5
18822,ENDURANCE,EQ,20,ENDURANCE TECHNO. LTD.,INE913H01037,2456.7
4907,ENGINERSIN,EQ,20,ENGINEERS INDIA LTD,INE510A01028,235.67
13192,ENIL,EQ,20,ENTERTAIN NET. IND. LTD.,INE265F01028,154.59
22717,ENTERO,EQ,20,ENTERO HEALTHCARE SOLU L,INE010601016,1247.4
5382,EPIGRAL,EQ,20,EPIGRAL LIMITED,INE071N01016,1797.9
981,EPL,EQ,20,EPL LIMITED,INE255A01020,247.99
30121,EQUAL200,EQ,20,MIRAEAMC - EQUAL200,INF769K01OA1,12.91
757142,EQUAL50,EQ,20,MIRAEAMC - EQUAL50,INF769K01OO2,309.41
6606,EQUAL50ADD,EQ,20,DSPAMC - DSPNEWETF,INF740KA1QK2,322.98
913,EQUITASBNK,EQ,20,EQUITAS SMALL FIN BNK LTD,INE063P01018,67.2
21154,ERIS,EQ,20,ERIS LIFESCIENCES LIMITED,INE406M01024,1585.7
955,ESABINDIA,EQ,20,ESAB INDIA LTD,INE284A01012,5245.0
19878,ESAFSFB,EQ,20,ESAF SMALL FINANCE BANK L,INE818W01011,33.48
958,ESCORTS,EQ,20,ESCORTS KUBOTA LIMITED,INE042A01014,3422.4
1200,ESG,EQ,20,MIRAEAMC - MAESGETF,INF769K01GS9,42.07
20257,ESILVER,EQ,20,EDELAMC - ESILVER,INF754K01SF3,99.55
30323,ESSENTIA,EQ,20,INTEGRA ESSENTIA LIMITED,INE418N01035,2.34
24265,ESTER,EQ,20,ESTER INDUSTRIES LTD,INE778B01029,142.73
9750,ETHOSLTD,EQ,20,ETHOS LIMITED,INE04TZ01018,2849.4
25162,EUREKAFORB,EQ,20,EUREKA FORBES LIMITED,INE0KCE01017,643.85
11782,EVEREADY,EQ,20,EVEREADY INDS. IND.  LTD.,INE128A01029,308.85
755881,EVIETF,EQ,20,ICICIPRAMC - EVIETF,INF109K1A153,29.97
24461,EVINDIA,EQ,20,MIRAEAMC - EVINDIA,INF769K01LQ3,29.24
11471,EXCELINDUS,EQ,20,EXCEL INDUSTRIES LTD,INE369A01029,1224.8
17486,EXPLEOSOL,EQ,20,EXPLEO SOLUTIONS LIMITED,INE201K01015,1070.0
5352,EXXARO,EQ,20,EXXARO TILES LIMITED,INE0GFE01026,8.28
1008,FACT,EQ,20,FACT LTD,INE188A01015,898.0
1614,FAIRCHEMOR,EQ,20,FAIRCHEM ORGANICS LIMITED,INE0DNW01011,995.1
12000,FAZE3Q,EQ,20,FAZE THREE LIMITED,INE963C01033,559.6
6198,FCL,EQ,20,FINEOTEX CHEMICAL LIMITED,INE045J01026,252.2
11999,FCSSOFT,EQ,20,FCS SOFTWARE SOLN. LTD.,INE512B01022,2.68
4898,FDC,EQ,20,FDC LIMITED,INE258B01022,451.85
20322,FEDFINA,EQ,20,FEDBANK FINANCIAL SER L,INE007N01010,103.2
8159,FIBERWEB,EQ,20,FIBERWEB INDIA LIMITED,INE296C01020,56.0
13710,FIEMIND,EQ,20,FIEM INDUSTRIES LIMITED,INE737H01014,1769.9
24532,FILATEX,EQ,20,FILATEX INDIA LTD,INE816B01035,58.75
1038,FINCABLES,EQ,20,FINOLEX CABLES LTD,INE235A01022,983.75
3744,FINEORG,EQ,20,FINE ORGANIC IND. LTD.,INE686Y01026,4790.0
12578,FINIETF,EQ,20,ICICIPRAMC-ICICIFIN,INF109KC17L8,29.85
6579,FINOPB,EQ,20,FINO PAYMENTS BANK LTD,INE02NC01014,243.75
1041,FINPIPE,EQ,20,FINOLEX INDUSTRIES LTD,INE183A01024,220.07
24814,FIRSTCRY,EQ,20,BRAINBEES SOLUTIONS LTD,INE02RE01045,355.0
12032,FIVESTAR,EQ,20,FIVE-STAR BUS FIN LTD,INE128S01021,725.0
13750,FLUOROCHEM,EQ,20,GUJARAT FLUOROCHEM LTD,INE09N301011,3600.0
5306,FMCGIETF,EQ,20,ICICIPRAMC - ICICIFMCG,INF109KC19V3,59.78
1190,FMGOETZE,EQ,20,FEDERAL-MOGUL GOETZE (IND,INE529A01010,473.15
6673,FOODSIN,EQ,20,FOODS & INNS LIMITED,INE976E01023,99.95
11573,FORCEMOT,EQ,20,FORCE MOTORS LIMITED,INE451A01017,12742.0
1073,FOSECOIND,EQ,20,FOSECO INDIA LTD,INE519A01011,4747.0
14304,FSL,EQ,20,FIRSTSOURCE SOLU. LTD.,INE684F01012,388.85
11932,FUSION,EQ,20,FUSION FINANCE LIMITED,INE139R01012,173.4
1085,GABRIEL,EQ,20,GABRIEL INDIA LTD,INE524A01029,669.9
8828,GAEL,EQ,20,GUJARAT AMBUJA EXPORTS LT,INE036B01030,117.89
25134,GALAPREC,EQ,20,GALA PRECISION ENG LTD,INE0RE001014,907.45
1315,GALAXYSURF,EQ,20,GALAXY SURFACTANTS LTD,INE600K01018,2357.7
13337,GALLANTT,EQ,20,GALLANTT ISPAT LIMITED,INE297H01019,474.4
20303,GANDHAR,EQ,20,GANDHAR OIL REFINE IND L,INE717W01049,181.33
14116,GANDHITUBE,EQ,20,GANDHI SPL. TUBES LTD,INE524B01027,715.0
6944,GANECOS,EQ,20,GANESHA ECOSPHERE LIMITED,INE845D01014,1538.0
5614,GANESHBE,EQ,20,GANESH BENZOPLAST LIMITED,INE388A01029,116.01
14339,GANESHHOUC,EQ,20,GANESH HOUSING CORP LTD,INE460C01014,1032.8
21399,GANGESSECU,EQ,20,GANGES SECURITIES LIMITED,INE335W01016,164.0
1100,GARFIBRES,EQ,20,GARWARE TECH FIBRES LTD,INE276A01018,870.0
25800,GARUDA,EQ,20,GARUDA CONSTRUCT N ENG L,INE0JVO01026,116.27
8510,GATEWAY,EQ,20,GATEWAY DISTRIPARKS LTD,INE079J01017,66.65
13658,GEECEE,EQ,20,GEECEE VENTURES LIMITED,INE916G01016,398.0
17922,GEEKAYWIRE,EQ,20,GEEKAY WIRES LIMITED,INE669X01024,73.13
2188,GENCON,EQ,20,GENERIC ENG CONS PROJ LTD,INE854S01022,38.19
10905,GENESYS,EQ,20,GENESYS INTL CORPN LTD,INE727B01026,750.75
6600,GENUSPAPER,EQ,20,GENUS P&B LIMITED,INE949P01018,20.66
11896,GEOJITFSL,EQ,20,GEOJIT FINANCIAL SER L,INE007B01023,87.4
7862,GEPIL,EQ,20,GE POWER INDIA LIMITED,INE878A01011,289.55
13776,GESHIP,EQ,20,THE GE SHPG.LTD,INE017A01032,980.0
1289,GFLLIMITED,EQ,20,GFL LIMITED,INE538A01037,66.49
1127,GHCL,EQ,20,GHCL LIMITED,INE539A01019,617.4
16696,GHCLTEXTIL,EQ,20,GHCL TEXTILES LIMITED,INE0PA801013,94.8
1139,GICHSGFIN,EQ,20,GIC HOUSING FINANCE LTD,INE289B01019,190.75
277,GICRE,EQ,20,GENERAL INS CORP OF INDIA,INE481Y01014,412.35
1576,GILLETTE,EQ,20,GILLETTE INDIA LTD,INE322A01010,9539.5
3172,GILT5YBEES,EQ,20,RELCAPAMC - NETFGILT5Y,INF204KC1030,62.65
1145,GIPCL,EQ,20,GUJ IND POW CO. LTD,INE162A01010,198.54
1186,GLAND,EQ,20,GLAND PHARMA LIMITED,INE068V01023,1622.0
1153,GLAXO,EQ,20,GLAXOSMITHKLINE PHARMA LT,INE159A01016,3397.6
1415,GLOBAL,EQ,20,GLOBAL EDUCATION LIMITED,INE291W01037,62.87
17424,GLOBUSSPR,EQ,20,GLOBUS SPIRITS LTD,INE615I01010,977.45
23590,GLOSTERLTD,EQ,20,GLOSTER LIMITED,INE350Z01018,670.0
1168,GMBREW,EQ,20,G M BREWERIES LTD,INE075D01018,719.45
5204,GMDCLTD,EQ,20,GUJARAT MINERAL DEV CORP,INE131A01031,369.5
1570,GMMPFAUDLR,EQ,20,GMM PFAUDLER LIMITED,INE541A01023,1145.0
8529,GMRP&UI,EQ,20,GMR POW AND URBAN INFRA L,INE0CU601026,114.89
18571,GNA,EQ,20,GNA AXLES LIMITED,INE934S01014,342.95
1174,GNFC,EQ,20,GUJ NAR VAL FER & CHEM L,INE113A01013,538.95
14687,GOACARBON,EQ,20,GOA CARBON LIMITED,INE426D01013,493.75
3963,GOCLCORP,EQ,20,GOCL CORPORATION LIMITED,INE077F01035,311.0
6964,GOCOLORS,EQ,20,GO FASHION INDIA LTD,INE0BJS01011,863.6
23799,GODIGIT,EQ,20,GO DIGIT GENERAL INS LTD,INE03JT01014,346.8
144,GODREJAGRO,EQ,20,GODREJ AGROVET LIMITED,INE850D01014,768.65
11778,GOKEX,EQ,20,GOKALDAS EXPORTS LTD.,INE887G01027,987.2
16705,GOKUL,EQ,20,GOKUL REFOILS & SOLV LTD,INE020J01029,52.49
14480,GOKULAGRO,EQ,20,GOKUL AGRO RESOURCES LTD,INE314T01025,253.27
14858,GOLD1,EQ,20,KOTAK GOLD ETF,INF174KA1HJ8,81.25
30105,GOLD360,EQ,20,360ONEAMC - GOLD360,INF579M01BB5,96.5
14428,GOLDBEES,EQ,20,NIP IND ETF GOLD BEES,INF204KB17I5,80.9
22901,GOLDCASE,EQ,20,ZERODHAAMC - GOLDCASE,INF0R8F01042,15.58
14286,GOLDETF,EQ,20,MIRAEAMC - MAGOLDETF,INF769K01JP9,94.54
15356,GOLDETFADD,EQ,20,DSPAMC - DSPGOLDETF,INF740KA1SW3,95.86
19679,GOLDIETF,EQ,20,ICICI PRUDENTIAL GOLD ETF,INF109KC1NT3,83.35
14535,GOLDSHARE,EQ,20,UTI GOLD ETF,INF789F1AUX7,81.7
6125,GOODLUCK,EQ,20,GOODLUCK INDIA LIMITED,INE127I01024,971.0
11787,GOYALALUM,EQ,20,GOYAL ALUMINIUMS LIMITED,INE705X01026,8.34
13409,GPIL,EQ,20,GODAWARI POW & ISP LTD,INE177H01039,195.85
19731,GPPL,EQ,20,GUJARAT PIPAVAV PORT LTD,INE517F01014,161.3
22846,GPTHEALTH,EQ,20,GPT HEALTHCARE LIMITED,INE486R01017,155.4
17685,GPTINFRA,EQ,20,GPT INFRAPROJECTS LTD,INE390G01014,145.0
592,GRAPHITE,EQ,20,GRAPHITE INDIA LTD,INE371A01025,551.75
20534,GRAVITA,EQ,20,GRAVITA INDIA LIMITED,INE024L01027,1864.9
1235,GREAVESCOT,EQ,20,GREAVES COTTON LTD.,INE224A01026,203.4
6848,GREENLAM,EQ,20,GREENLAM INDUSTRIES LTD.,INE544R01021,262.8
13810,GREENPANEL,EQ,20,GREENPANEL INDUSTRIES LTD,INE08ZM01014,263.5
3987,GREENPLY,EQ,20,GREENPLY INDUSTRIES LTD,INE461C01038,331.9
20110,GREENPOWER,EQ,20,ORIENT GREEN POWER CO LTD,INE999K01014,13.55
13560,GRINDWELL,EQ,20,GRINDWELL NORTON LIMITED,INE536A01023,1804.0
5054,GRINFRA,EQ,20,G R INFRAPROJECTS LIMITED,INE201P01022,1316.4
10871,GRMOVER,EQ,20,GRM OVERSEAS LIMITED,INE192H01020,304.5
17770,GROBTEA,EQ,20,THE GROB TEA COMPANY LTD,INE646C01018,1030.0
25758,GROWWDEFNC,EQ,20,GROWWAMC - GROWWDEFNC,INF666M01IO8,87.5
24798,GROWWEV,EQ,20,GROWWAMC - GROWWEV,INF666M01IH2,29.29
25872,GROWWGOLD,EQ,20,GROWWAMC - GROWWGOLD,INF666M01IW1,95.6
25447,GROWWLIQID,EQ,20,GROWWAMC - GROWWLIQID,INF666M01IP5,104.5
756086,GROWWMOM50,EQ,20,GROWWAMC - GROWWMOM50,INF666M01KJ4,10.71
29872,GROWWN200,EQ,20,GROWWAMC - GROWWN200,INF666M01JV1,11.26
29527,GROWWRAIL,EQ,20,GROWWAMC - GROWWRAIL,INF666M01JJ6,38.85
756827,GROWWSLVR,EQ,20,GROWWAMC - GROWWSLVR,INF666M01LA1,97.9
24847,GSEC10ABSL,EQ,20,BIRLASLAMC - GSEC10ABSL,INF209KC1142,109.73
13143,GSEC10IETF,EQ,20,ICICIPRAMC - ICICI10GS,INF109KC18O0,259.04
14938,GSEC10YEAR,EQ,20,MIRAEAMC - MAGS813ETF,INF769K01KF8,29.41
8342,GSEC5IETF,EQ,20,ICICIPRAMC - ICICI5GSEC,INF109KC14A8,63.99
1247,GSFC,EQ,20,GUJ STATE FERT & CHEM LTD,INE026A01025,202.49
14599,GSLSU,EQ,20,GLOBAL SURFACES LIMITED,INE0JSX01015,133.8
13197,GSPL,EQ,20,GUJARAT STATE PETRO LTD,INE246F01010,330.3
15347,GSS,EQ,20,GSS INFOTECH LIMITED,INE871H01011,35.5
1162,GTL,EQ,20,GTL LTD,INE043A01012,9.64
13745,GTLINFRA,EQ,20,GTL INFRA.LTD,INE221H01019,1.55
21195,GTPL,EQ,20,GTPL HATHWAY LIMITED,INE869I01013,112.78
11606,GUFICBIO,EQ,20,GUFIC BIOSCIENCES LTD.,INE742B01025,372.0
1267,GUJALKALI,EQ,20,GUJARAT ALKALIES & CHEM,INE186A01019,593.3
10599,GUJGASLTD,EQ,20,GUJARAT GAS LIMITED,INE844O01030,467.8
29731,GUJTHEM,EQ,20,GUJARAT THEMIS BIOSYN LTD,INE942C01045,314.0
4391,GULFOILLUB,EQ,20,GULF OIL LUB. IND. LTD.,INE635Q01029,1191.1
11581,GULFPETRO,EQ,20,GP PETROLEUMS LIMITED,INE586G01017,51.55
6286,GULPOLY,EQ,20,GULSHAN POLYOLS LIMITED,INE255D01024,187.2
48,HAPPSTMNDS,EQ,20,HAPPIEST MINDS TECHNO LTD,INE419U01012,598.0
8968,HARIOMPIPE,EQ,20,HARIOM PIPE INDUSTRIES L,INE00EV01017,399.0
1313,HARRMALAYA,EQ,20,HARRISON MALAYALAM LTD,INE544A01019,220.0
11162,HARSHA,EQ,20,HARSHA ENGINEERS INT LTD,INE0JUS01029,397.3
18154,HATHWAY,EQ,20,HATHWAY CABLE & DATACOM,INE982F01036,16.13
3892,HATSUN,EQ,20,HATSUN AGRO PRODUCT LTD.,INE473B01035,981.65
7457,HAVISHA,EQ,20,SRI HAVISHA HOSP & INFR L,INE293B01029,2.04
13966,HBLENGINE,EQ,20,HBL ENGINEERING LTD,INE292B01021,617.95
1375,HCC,EQ,20,HINDUSTAN CONSTRUCTION CO,INE549A01026,34.69
15555,HCG,EQ,20,HEALTHCARE GLOB. ENT. LTD,INE075I01017,557.85
14230,HDFCBSE500,EQ,20,HDFCAMC - HDFCBSE500,INF179KC1EZ4,36.49
19543,HDFCGOLD,EQ,20,HDFC GOLD ETF,INF179KC1981,83.2
11241,HDFCGROWTH,EQ,20,HDFCAMC - HDFCGROWTH,INF179KC1DJ0,118.02
18279,HDFCLIQUID,EQ,20,HDFCAMC - HDFCLIQUID,INF179KC1JG3,1018.64
11547,HDFCLOWVOL,EQ,20,HDFCAMC - HDFCLOWVOL,INF179KC1HU8,20.24
14236,HDFCMID150,EQ,20,HDFCAMC - HDFCMID150,INF179KC1HT0,21.49
11538,HDFCMOMENT,EQ,20,HDFCAMC - HDFCMOMENT,INF179KC1HV6,30.9
10619,HDFCNEXT50,EQ,20,HDFCAMC - HDFCNEXT50,INF179KC1HS2,68.0
10633,HDFCNIF100,EQ,20,HDFCAMC - HDFCNIF100,INF179KC1HR4,26.19
22433,HDFCNIFBAN,EQ,20,HDFCAMC - HDFCNIFBAN,INF179KC1HY0,57.29
12101,HDFCNIFIT,EQ,20,HDFCAMC - HDFCNIFIT,INF179KC1IA8,39.34
11591,HDFCNIFTY,EQ,20,HDFCAMC - HDFCNIFTY,INF179KC1965,276.46
22595,HDFCPSUBK,EQ,20,HDFCAMC HDFCPSUBK,INF179KC1HW4,72.11
12108,HDFCPVTBAN,EQ,20,HDFCAMC - HDFCPVTBAN,INF179KC1HZ7,28.14
11255,HDFCQUAL,EQ,20,HDFCAMC - HDFCQUAL,INF179KC1DL6,57.84
11593,HDFCSENSEX,EQ,20,HDFCAMC - HDFCSENSEX,INF179KC1HX2,91.26
10876,HDFCSILVER,EQ,20,HDFCAMC - HDFCSILVER,INF179KC1DI2,95.25
14233,HDFCSML250,EQ,20,HDFCAMC - HDFCSML250,INF179KC1FB2,170.66
11260,HDFCVALUE,EQ,20,HDFCAMC - HDFCVALUE,INF179KC1DK8,136.31
22592,HEALTHADD,EQ,20,DSPAMC - HEALTHADD,INF740KA1UF4,140.14
3626,HEALTHIETF,EQ,20,ICICIPRAMC - ICICIPHARM,INF109KC1Q72,142.45
6297,HEALTHY,EQ,20,BIRLASLAMC - HEALTHY,INF209KB10C2,14.3
1336,HEG,EQ,20,HEG LTD,INE545A01024,526.9
2316,HEIDELBERG,EQ,20,HEIDELBERGCEMENT (I) LTD,INE578A01017,198.02
701,HEMIPROP,EQ,20,HEMISPHERE PROP IND LTD,INE0AJG01018,140.48
4598,HERITGFOOD,EQ,20,HERITAGE FOODS LTD,INE978A01027,423.55
7048,HESTERBIO,EQ,20,HESTER BIOSCIENCES LTD,INE782E01017,1825.9
715,HEUBACHIND,EQ,20,HEUBACH COLORANTS IND LTD,INE492A01029,589.8
29666,HEXT,EQ,20,HEXAWARE TECHNOLOGIES LTD,INE093A01041,854.0
1672,HGINFRA,EQ,20,H.G.INFRA ENGINEERING LTD,INE926X01010,1136.6
14712,HGS,EQ,20,HINDUJA GLOBAL SOLS. LTD.,INE170I01016,516.3
9668,HIKAL,EQ,20,HIKAL LIMITED,INE475B01022,387.0
1360,HIMATSEIDE,EQ,20,HIMATSINGKA SEIDE LTD,INE049A01027,151.95
1372,HINDCOMPOS,EQ,20,HINDUSTAN COMPOSITES LTD.,INE310C01029,506.95
21676,HINDMOTORS,EQ,20,HINDUSTAN MOTORS LIMITED,INE253A01025,34.48
1403,HINDOILEXP,EQ,20,HINDUSTAN OIL EXPLORATION,INE345A01011,175.29
15883,HINDWAREAP,EQ,20,HINDWARE HME INOVATON LTD,INE05AN01011,274.0
13890,HIRECT,EQ,20,HIND RECTIFIER LIMITED,INE835D01023,1298.2
19322,HISARMETAL,EQ,20,HISAR METAL IND. LIMITED,INE598C01011,199.1
2868,HITECH,EQ,20,HI-TECH PIPES LIMITED,INE106T01025,97.77
15161,HITECHCORP,EQ,20,HITECH CORPORATION LTD,INE120D01012,189.99
1448,HLVLTD,EQ,20,HLV LIMITED,INE102A01024,14.5
19211,HMVL,EQ,20,HINDUSTAN MEDIA VENT LTD,INE871K01015,94.0
12173,HNDFDS,EQ,20,HINDUSTAN FOODS LIMITED,INE254N01026,548.35
18284,HNGSNGBEES,EQ,20,NIP IND ETF HANGSENG BEES,INF204KB19I1,394.98
2056,HOMEFIRST,EQ,20,HOME FIRST FIN CO IND LTD,INE481N01025,1283.1
19813,HONASA,EQ,20,HONASA CONSUMER LIMITED,INE0J5401028,317.0
3417,HONAUT,EQ,20,HONEYWELL AUTOMATION IND,INE671A01010,39495.0
3138,HONDAPOWER,EQ,20,HONDA I POWER PRODUCT LTD,INE634A01018,3097.9
7376,HPAL,EQ,20,HP ADHESIVES LIMITED,INE0GSL01024,52.5
11796,HPIL,EQ,20,HINDPRAKASH INDUSTRY LTD,INE05X901010,142.5
18679,HPL,EQ,20,HPL ELECTRIC & POWER LTD,INE495S01016,594.0
14334,HSCL,EQ,20,HIMADRI SPECIALITY CHEM L,INE019C01026,474.25
2562,HUHTAMAKI,EQ,20,HUHTAMAKI INDIA LIMITED,INE275B01026,207.0
489,ICEMAKE,EQ,20,ICE MAKE REFRIGERAT LTD,INE520Y01019,848.55
522,ICICIB22,EQ,20,ICICIPRAMC - BHARATIWIN,INF109KB15Y7,110.96
11987,ICIL,EQ,20,INDO COUNT INDUSTRIES LTD,INE483B01026,275.45
14523,ICRA,EQ,20,ICRA LIMITED,INE725G01011,6815.0
1476,IDBI,EQ,20,IDBI BANK LIMITED,INE008A01015,101.89
18783,IDFNIFTYET,EQ,20,BANDHANAMC - IDFNIFTYET,INF194KA1U07,272.84
1485,IFBIND,EQ,20,IFB INDUSTRIES LTD,INE559A01017,1586.0
436,IFGLEXPOR,EQ,20,IFGL REFRACTORIES LIMITED,INE133Y01011,533.8
634,IGARASHI,EQ,20,IGARASHI MOTORS INDIA LTD,INE188B01013,496.2
14086,IGPL,EQ,20,I G PETROCHEMICALS LTD,INE204A01010,489.7
13072,IIFLCAPS,EQ,20,IIFL CAPITAL SERVICES LTD,INE489L01022,317.45
28125,IKS,EQ,20,INVENTURUS KNOWLEDGE SO L,INE115Q01022,1554.5
7672,IMAGICAA,EQ,20,IMAGICAAWORLD ENT LTD,INE172N01012,75.55
19235,IMFA,EQ,20,INDIAN METALS & FERRO,INE919H01018,643.0
12009,IMPAL,EQ,20,IND MOTOR PART & ACC LTD,INE547E01014,1080.1
17507,INCREDIBLE,EQ,20,INCREDIBLE INDUSTRIES LTD,INE452L01012,47.28
16933,INDBANK,EQ,20,INDBANK MERCH BANK,INE841B01017,36.71
23693,INDGN,EQ,20,INDEGENE LIMITED,INE065X01017,611.35
1521,INDIAGLYCO,EQ,20,INDIA GLYCOLS LTD,INE560A01015,1929.9
10726,INDIAMART,EQ,20,INDIAMART INTERMESH LTD,INE933S01016,2345.2
4422,INDIANCARD,EQ,20,INDIAN CARD CLOTHING CO.,INE061A01014,355.0
1530,INDIANHUME,EQ,20,INDIAN HUME PIPE CO. LTD.,INE323C01030,435.0
20556,INDIASHLTR,EQ,20,INDIA SHELTER FIN CORP L,INE922K01024,888.0
2048,INDIGOPNTS,EQ,20,INDIGO PAINTS LIMITED,INE09VQ01012,1093.3
4747,INDNIPPON,EQ,20,INDIA NIPPON ELECT  LTD,INE092B01025,733.7
9116,INDOAMIN,EQ,20,INDO AMINES LIMITED,INE760F01028,148.0
8614,INDOBORAX,EQ,20,INDO BORAX & CHEMICAL LTD,INE803D01021,199.65
11677,INDOCO,EQ,20,INDOCO REMEDIES LTD.,INE873D01024,260.9
10993,INDORAMA,EQ,20,INDO RAMA SYNTHETICS LTD,INE156A01020,50.2
3088,INDOSTAR,EQ,20,INDOSTAR CAPITAL FIN LTD,INE896L01010,349.5
14952,INDOWIND,EQ,20,INDOWIND ENERGY LTD,INE227G01018,20.95
4751,INDRAMEDCO,EQ,20,INDRAPRASTHA MEDICAL CORP,INE681B01017,447.0
4870,INDSWFTLAB,EQ,20,IND SWIFT LABORATORIES LT,INE915B01019,84.09
21957,INDTERRAIN,EQ,20,IND TERRAIN FASHIONS LTD,INE611L01021,43.39
16249,INFIBEAM,EQ,20,INFIBEAM AVENUES LIMITED,INE483S01020,21.78
11027,INFOBEAN,EQ,20,INFOBEANS TECHNO. LTD.,INE344S01016,367.2
20072,INFRABEES,EQ,20,NIP IND ETF INFRA BEES,INF732E01268,928.25
10723,INFRAIETF,EQ,20,ICICIPRAMC - ICICIINFRA,INF109KC16E5,92.08
1597,INGERRAND,EQ,20,INGERSOLL-RAND INDIA LTD,INE177A01018,3991.4
21062,INNOVACAP,EQ,20,INNOVA CAPTAB LIMITED,INE0DUT01020,892.9
27754,INNOVANA,EQ,20,INNOVANA THINKLABS LTD,INE403Y01018,366.0
12188,INOXGREEN,EQ,20,INOX GREEN ENERGY SER LTD,INE510W01014,188.43
20607,INOXINDIA,EQ,20,INOX INDIA LIMITED,INE616N01034,1228.9
14657,INSECTICID,EQ,20,INSECTICIDES (I) LTD,INE070I01018,849.2
5926,INTELLECT,EQ,20,INTELLECT DESIGN ARENA,INE306R01017,1197.9
20071,INTENTECH,EQ,20,INTENSE TECHNOLOGIES LTD,INE781A01025,96.91
24909,INTERARCH,EQ,20,INTERARCH BLDNG SOLTN LTD,INE00M901018,2278.0
5606,INTLCONV,EQ,20,INTL CONVEYORS LIMITED,INE575C01027,83.68
24870,INVENTURE,EQ,20,INVENTURE GRO & SEC LTD,INE878H01024,1.64
9348,IOB,EQ,20,INDIAN OVERSEAS BANK,INE565A01014,42.35
20413,IOLCP,EQ,20,IOL CHEM AND PHARMA LTD,INE485C01029,90.89
1630,IONEXCHANG,EQ,20,ION EXCHANGE (INDIA) LTD,INE570A01022,553.0
1633,IPCALAB,EQ,20,IPCA LABORATORIES LTD,INE571A01038,1433.3
4934,IPL,EQ,20,INDIA PESTICIDES LIMITED,INE0D6701023,221.6
4986,IRCON,EQ,20,IRCON INTERNATIONAL LTD,INE962Y01021,198.0
2275,IRISDOREME,EQ,20,IRIS CLOTHINGS LIMITED,INE01GN01025,61.74
19597,IRMENERGY,EQ,20,IRM ENERGY LIMITED,INE07U701015,292.8
18479,ISFT,EQ,20,INTRASOFT TECH. LTD,INE566K01011,115.39
3329,ISGEC,EQ,20,ISGEC HEAVY ENG LTD,INE858B01029,1231.5
30249,ISHANCH,EQ,20,ISHAN DYES N CHEMICALS L,INE561M01018,41.22
2627,IT,EQ,20,KOTAKMAMC - KOTAKIT,INF174KA1GC5,40.59
19084,ITBEES,EQ,20,NIP IND ETF IT,INF204KB15V2,40.88
29251,ITCHOTELS,EQ,20,ITC HOTELS LIMITED,INE379A01028,219.0
19299,ITDC,EQ,20,INDIA TOUR. DEV. CO. LTD.,INE353K01014,648.0
5622,ITDCEM,EQ,20,ITD CEMENTATION INDIA LTD,INE686A01026,745.0
19633,ITETF,EQ,20,MIRAEAMC - ITETF,INF769K01KV5,38.54
17207,ITETFADD,EQ,20,DSPAMC - DSPITETF,INF740KA1SX1,38.62
22365,ITIETF,EQ,20,ICICIPRAMC - ICICITECH,INF109KC16I6,40.4
6711,IVC,EQ,20,IL&FS INVESTMENT MANAGERS,INE050B01023,9.5
1681,IVP,EQ,20,IVP LTD,INE043C01018,183.0
18292,IVZINGOLD,EQ,20,INVESCO INDIA GOLD ETF,INF205K01361,8500.0
24217,IVZINNIFTY,EQ,20,INVESCO INDIA NIFTY ETF,INF205K01DA9,2798.39
3776,IWEL,EQ,20,INOX WIND ENERGY LIMITED,INE0FLR01028,11799.0
24067,IXIGO,EQ,20,LE TRAVENUES TECHNOLOGY L,INE0HV901016,182.89
5633,J&KBANK,EQ,20,J & K BANK LTD.,INE168A01041,106.7
13211,JAGRAN,EQ,20,JAGRAN PRAKASHAN LIMITED,INE199G01027,76.25
4410,JAGSNPHARM,EQ,20,JAGSONPAL PHARMACEUTICALS,INE048B01035,241.39
11256,JAIBALAJI,EQ,20,JAI BALAJI INDUSTRIES LTD,INE091G01026,105.9
5516,JAIPURKURT,EQ,20,NANDANI CREATION LIMITED,INE696V01013,43.0
20778,JAMNAAUTO,EQ,20,JAMNA AUTO IND LTD,INE039C01032,92.4
13982,JASH,EQ,20,JASH ENGINEERING LIMITED,INE039O01029,561.4
4041,JAYAGROGN,EQ,20,JAYANT AGRO ORGANICS LTD,INE785A01026,263.5
1708,JAYBARMARU,EQ,20,JAY BHARAT MARUTI LTD,INE571B01036,81.09
2331,JAYNECOIND,EQ,20,JAYASWAL NECO INDUSTR LTD,INE854B01010,41.17
1720,JAYSREETEA,EQ,20,JAYSHREE TEA & INDUSTRIES,INE364A01020,106.98
1726,JBCHEPHARM,EQ,20,J B CHEMICALS AND PHARMA,INE572A01036,1701.9
11655,JBMA,EQ,20,JBM AUTO LIMITED,INE927D01051,731.95
4491,JCHAC,EQ,20,JOHNSON CONTROLS HITACHI,INE782A01015,1719.8
23056,JGCHEM,EQ,20,J.G.CHEMICALS LIMITED,INE0MB501011,384.8
1756,JINDALPOLY,EQ,20,JINDAL POLY FILMS LIMITED,INE197D01010,632.5
3024,JINDALSAW,EQ,20,JINDAL SAW LIMITED,INE324A01032,215.7
13875,JINDRILL,EQ,20,JINDAL DRILLING IND. LTD,INE742C01031,670.0
20642,JINDWORLD,EQ,20,JINDAL WORLDWIDE LTD,INE247D01039,60.79
25684,JISLDVREQS,EQ,20,JAIN DVR EQUITY SHARES,IN9175A01010,30.48
10397,JISLJALEQS,EQ,20,JAIN IRRIGATION SYSTEMS,INE175A01038,58.0
13270,JKCEMENT,EQ,20,JK CEMENT LIMITED,INE823G01014,5521.0
15266,JKIL,EQ,20,JKUMAR INFR.LTD.,INE576I01022,719.95
13491,JKLAKSHMI,EQ,20,JK LAKSHMI CEMENT LTD,INE786A01032,854.65
11860,JKPAPER,EQ,20,JK PAPER LIMITED,INE789E01012,372.2
14435,JKTYRE,EQ,20,JK TYRE & INDUSTRIES LTD,INE573A01042,384.0
18553,JLHL,EQ,20,JUPITER LIFE LINE HOSP L,INE682M01012,1480.1
7109,JMA,EQ,20,JULLUNDUR MOT AGENCY LTD,INE412C01023,98.49
13637,JMFINANCIL,EQ,20,JM FINANCIAL LIMITED,INE780C01023,134.85
16927,JOCIL,EQ,20,JOCIL LIMITED,INE839G01010,169.95
31507,JPOLYINVST,EQ,20,JIND POL INV & FIN CO LTD,INE147P01019,860.0
11763,JPPOWER,EQ,20,JAIPRAKASH POWER VEN. LTD,INE351F01018,15.95
22663,JSFB,EQ,20,JANA SMALL FIN BANK LTD,INE953L01027,498.0
3237,JTEKTINDIA,EQ,20,JTEKT INDIA LIMITED,INE643A01035,140.95
7287,JTLIND,EQ,20,JTL INDUSTRIES LIMITED,INE391J01032,68.5
29590,JUBLCPL,EQ,20,JUBILANT AGRI N CON PRO L,INE03CC01015,1561.7
2783,JUBLINGREA,EQ,20,JUBILANT INGREVIA LIMITED,INE0BY001018,737.4
3637,JUBLPHARMA,EQ,20,JUBILANT PHARMOVA LTD,INE700A01033,1192.7
10939,JUNIORBEES,EQ,20,NIP IND ETF JUNIOR BEES,INF732E01045,736.36
29962,JUSTDIAL,EQ,20,JUSTDIAL LTD.,INE599M01018,893.95
20224,JWL,EQ,20,JUPITER WAGONS LIMITED,INE209L01016,404.5
15146,JYOTHYLAB,EQ,20,JYOTHY LABS LIMITED,INE668F01031,346.5
21334,JYOTICNC,EQ,20,JYOTI CNC AUTOMATION LTD,INE980O01024,1330.0
1802,JYOTISTRUC,EQ,20,JYOTI STRUCTURES LTD,INE197A01024,20.37
1808,KAJARIACER,EQ,20,KAJARIA CERAMICS LTD,INE217B01036,1059.7
1811,KAKATCEM,EQ,20,KAKATIYA CEM SUGAR &IND L,INE437B01014,158.49
18755,KALAMANDIR,EQ,20,SAI SILKS (KALAMANDIR) L,INE438K01021,133.99
1826,KAMATHOTEL,EQ,20,KAMAT HOTELS (I) LTD,INE967C01018,237.78
13457,KAMDHENU,EQ,20,KAMDHENU LIMITED,INE390H01020,33.99
1835,KANORICHEM,EQ,20,KANORIA CHEMICALS & INDUS,INE138C01024,99.5
1196,KANSAINER,EQ,20,KANSAI NEROLAC PAINTS LTD,INE531A01024,254.55
18967,KAPSTON,EQ,20,KAPSTON SERVICES LIMITED,INE542Z01028,252.0
24385,KARMAENG,EQ,20,KARMA ENERGY LIMITED,INE725L01011,61.99
1838,KARURVYSYA,EQ,20,KARUR VYSYA BANK LTD,INE036D01028,241.5
15136,KAUSHALYA,EQ,20,KAUSHALYA INFRA DEV LTD.,INE234I01028,936.0
1841,KCP,EQ,20,KCP LTD,INE805C01028,213.05
4809,KCPSUGIND,EQ,20,KCP SUGAR IND CORP LTD.,INE790B01024,37.47
13260,KEC,EQ,20,KEC INTL. LIMITED,INE389H01022,865.0
18220,KECL,EQ,20,KIRLOSKAR ELECTRIC CO LTD,INE134B01017,128.69
13430,KELLTONTEC,EQ,20,KELLTON TECH SOL LTD,INE164B01022,126.39
13359,KFINTECH,EQ,20,KFIN TECHNOLOGIES LIMITED,INE138Y01010,1149.9
425,KHADIM,EQ,20,KHADIM INDIA LIMITED,INE834I01025,300.05
9641,KHANDSE,EQ,20,KHANDWALA SECURITIES LTD,INE060B01014,23.45
21119,KICL,EQ,20,KALYANI INVEST CO LTD,INE029L01018,5130.0
4847,KIMS,EQ,20,KRISHNA INST OF MED SCI L,INE967H01025,690.95
18944,KINGFA,EQ,20,KINGFA SCI & TEC IND LTD.,INE473D01015,3512.0
19126,KIOCL,EQ,20,KIOCL LIMITED,INE880L01014,302.4
16639,KIRIINDUS,EQ,20,KIRI INDUSTRIES LIMITED,INE415I01015,640.0
18581,KIRLOSBROS,EQ,20,KIRLOSKAR BROTHERS LTD,INE732A01036,1839.5
20936,KIRLOSENG,EQ,20,KIRLOSKAR OIL ENG LTD,INE146L01010,916.15
19025,KIRLOSIND,EQ,20,KIRLOSKAR INDUSTRIES LTD,INE250A01039,3944.9
15180,KIRLPNU,EQ,20,KIRLOSKAR PNEUMATIC COM L,INE811A01020,1318.0
13381,KKCL,EQ,20,KEWAL KIRAN CLOTHING LTD,INE401H01017,444.0
27084,KMEW,EQ,20,KNOWLEDGE MARINE & EN W L,INE0CJD01011,1540.0
14667,KMSUGAR,EQ,20,K M SUGAR MILLS LTD,INE157H01023,30.12
15283,KNRCON,EQ,20,KNR CONSTRU LTD.,INE634I01029,211.86
3009,KOHINOOR,EQ,20,KOHINOOR FOODS LIMITED,INE080B01012,38.47
16827,KOKUYOCMLN,EQ,20,KOKUYO CAMLIN LIMITED,INE760A01029,110.89
15124,KOLTEPATIL,EQ,20,KOLTE PATIL DEV. LTD.,INE094I01018,434.7
1919,KOPRAN,EQ,20,KOPRAN LTD,INE082A01010,192.0
11647,KOTARISUG,EQ,20,KOTHARI SUG & CHEM LTD.,INE419A01022,39.25
4594,KOTHARIPET,EQ,20,KOTHARI PETROCHEM LTD,INE720A01015,167.49
27079,KPEL,EQ,20,K.P. ENERGY LIMITED,INE127T01021,565.3
1814,KPIL,EQ,20,KALPATARU PROJECT INT LTD,INE220B01022,1156.8
14912,KPRMILL,EQ,20,KPR MILL LTD.,INE930H01031,1136.9
10577,KRBL,EQ,20,KRBL LIMITED,INE001B01026,364.75
12847,KRISHANA,EQ,20,KRISHANA PHOSCHEM LIMITED,INE506W01012,409.75
11432,KRITINUT,EQ,20,KRITI NUTRIENTS LIMITED,INE798K01010,113.94
25643,KRN,EQ,20,KRN HEAT EXCHANGE N REF L,INE0Q3J01015,774.0
24025,KRONOX,EQ,20,KRONOX LAB SCIENCES LTD,INE0ATZ01017,178.89
25252,KROSS,EQ,20,KROSS LIMITED,INE0O6601022,198.5
5359,KRSNAA,EQ,20,KRSNAA DIAGNOSTICS LTD,INE08LI01020,655.0
1949,KSB,EQ,20,KSB LIMITED,INE999A01023,854.6
14972,KSCL,EQ,20,KAVERI SEED CO. LTD.,INE455I01029,1467.8
18889,KSL,EQ,20,KALYANI STEELS LIMITED,INE907A01026,804.4
8054,KTKBANK,EQ,20,KARNATAKA BANK LIMITED,INE614B01018,203.0
13870,KUANTUM,EQ,20,KUANTUM PAPERS LIMITED,INE529I01021,119.0
5865,LAGNAM,EQ,20,LAGNAM SPINTEX LIMITED,INE548Z01017,110.15
11654,LALPATHLAB,EQ,20,DR. LAL PATH LABS LTD.,INE600L01024,2800.0
6407,LAMBODHARA,EQ,20,LAMBODHARA TEXTILES LTD.,INE112F01022,140.1
23027,LANCORHOL,EQ,20,LANCOR HOLDINGS LIMITED,INE572G01025,21.74
13276,LANDMARK,EQ,20,LANDMARK CARS LIMITED,INE559R01029,473.7
14423,LAOPALA,EQ,20,LA OPALA RG LIMITED,INE059D01020,251.78
21713,LASA,EQ,20,LASA SUPERGENERICS LTD,INE670X01014,15.1
6818,LATENTVIEW,EQ,20,LATENT VIEW ANALYTICS LTD,INE0I7C01011,418.4
6568,LAXMICOT,EQ,20,LAXMI COTSPIN LIMITED,INE801V01019,29.9
29171,LAXMIDENTL,EQ,20,LAXMI DENTAL LIMITED,INE0WO601020,392.0
2606,LEMONTREE,EQ,20,LEMON TREE HOTELS LTD,INE970X01018,140.9
14459,LEXUS,EQ,20,LEXUS GRANITO (INDIA) LTD,INE500X01013,31.87
7902,LFIC,EQ,20,LAKSHMI FIN IND CORP LTD,INE850E01012,221.72
18321,LGBBROSLTD,EQ,20,LG BALAKRISHNAN & BROS,INE337A01034,1303.0
11082,LIBAS,EQ,20,LIBAS CONSU PRODUCTS LTD,INE908V01012,13.46
1994,LIBERTSHOE,EQ,20,LIBERTY SHOES LTD,INE557B01019,438.7
25640,LICMFGOLD,EQ,20,LIC MF - LIC GOLD ETF,INF397L01554,8805.0
6062,LICNETFGSC,EQ,20,LICNAMC - LICNMFET,INF767K01MV5,28.62
11319,LICNETFN50,EQ,20,LICNAMC - LICNFENGP,INF767K01OS7,274.13
11441,LICNETFSEN,EQ,20,LICNAMC - LICNFESGP,INF767K01OT5,917.56
15229,LICNFNHGP,EQ,20,LICNAMC - LICNFNHGP,INF767K01PC8,284.56
22722,LICNMID100,EQ,20,LICNAMC - LICNMID100,INF767K01RN1,57.9
578,LIKHITHA,EQ,20,LIKHITHA INFRASTRUC LTD,INE060901027,311.75
6951,LINC,EQ,20,LINC LIMITED,INE802B01027,159.79
11596,LINCOLN,EQ,20,LINCOLN PHARMA LTD,INE405C01035,549.7
1627,LINDEINDIA,EQ,20,LINDE INDIA LIMITED,INE473A01011,7605.0
17572,LIQUID,EQ,20,MIRAEAMC - LIQUID,INF769K01KS1,1000.0
13950,LIQUID1,EQ,20,KOTAKMAMC - KOTAKLIQ,INF174KA1LV5,1052.96
23407,LIQUIDADD,EQ,20,DSPAMC - LIQUIDADD,INF740KA1UM0,1075.19
23915,LIQUIDBETF,EQ,20,BFAM - LIQUIDBETF,INF0QA701854,1033.04
21750,LIQUIDCASE,EQ,20,ZERODHAAMC - LIQUIDCASE,INF0R8F01034,109.48
1927,LIQUIDETF,EQ,20,DSP LIQUID ETF,INF740KA1EU7,1000.01
4838,LIQUIDIETF,EQ,20,ICICIPRAMC - ICICILIQ,INF109KC1KT9,1000.01
27075,LIQUIDPLUS,EQ,20,MIRAEAMC - LIQUIDPLUS,INF769K01MY5,1035.02
19705,LIQUIDSBI,EQ,20,SBIAMC - LIQUIDSBI,INF200KA13Z8,1000.01
24374,LIQUIDSHRI,EQ,20,SHRIRAM - LIQUIDSHRI,INF680P01422,1055.52
17801,LLOYDSENGG,EQ,20,LLOYDS ENGG WORK LIMITED,INE093R01011,60.7
25807,LLOYDSENT,EQ,20,LLOYDS ENTERPRISES LTD,INE080I01025,62.55
17313,LLOYDSME,EQ,20,LLOYDS METALS N ENERGY L,INE281B01032,1383.3
1979,LMW,EQ,20,LMW LIMITED,INE269B01029,17075.0
18232,LORDSCHLO,EQ,20,LORDS CHLORO ALKALI LTD,INE846D01012,189.9
16807,LOTUSEYE,EQ,20,LOTUS EYE HOSP & INST L,INE947I01017,75.0
22415,LOVABLE,EQ,20,LOVABLE LINGERIE LTD,INE597L01014,101.99
14786,LOWVOL,EQ,20,MIRAEAMC - MANV30F,INF769K01JU9,199.65
8632,LOWVOL1,EQ,20,KOTAKMAMC - KOTAKLOVOL,INF174KA1IY5,20.39
21254,LOWVOLIETF,EQ,20,ICICI PR NIF LW VL 30 ETF,INF109KC19U5,21.94
13816,LTFOODS,EQ,20,LT FOODS LIMITED,INE818H01020,459.7
17700,LTGILTBEES,EQ,20,NIP IND ETF LONGTERM GILT,INF204KB1882,29.08
18564,LTTS,EQ,20,L&T TECHNOLOGY SER. LTD.,INE010V01017,4385.0
2018,LUMAXIND,EQ,20,LUMAX INDUSTRIES LTD,INE162B01018,3002.0
14014,LUMAXTECH,EQ,20,LUMAX AUTO TECH LTD,INE872H01027,919.0
11301,LUXIND,EQ,20,LUX INDUSTRIES LIMITED,INE150G01020,1529.8
2841,LXCHEM,EQ,20,LAXMI ORGANIC INDUS LTD,INE576O01020,218.9
2028,LYKALABS,EQ,20,LYKA LABS LTD,INE933A01014,121.67
31468,LYPSAGEMS,EQ,20,LYPSA GEMS & JEWEL LTD,INE142K01011,10.0
15151,MADHAV,EQ,20,MADHAV MARBLE & GRANITE,INE925C01016,47.01
4911,MADRASFERT,EQ,20,MADRAS FERTILISERS LTD,INE414A01015,91.0
3507,MAFANG,EQ,20,MIRAEAMC - MAFANG,INF769K01HF4,137.94
21392,MAGADSUGAR,EQ,20,MAGADH SUGAR & ENERGY LTD,INE347W01011,762.7
14957,MAGNUM,EQ,20,MAGNUM VENTURES LTD.,INE387I01016,27.99
11377,MAHABANK,EQ,20,BANK OF MAHARASHTRA,INE457A01014,58.0
5239,MAHAPEXLTD,EQ,20,MAHA RASHTRA APEX COPR. L,INE843B01013,118.99
9576,MAHESHWARI,EQ,20,MAHESHWARI LOGISTICS LTD.,INE263W01010,62.95
7074,MAHKTECH,EQ,20,MIRAEAMC - MAHKTECH,INF769K01HS7,22.87
8050,MAHLIFE,EQ,20,MAHINDRA LIFESPACE DEVLTD,INE813A01018,347.0
385,MAHLOG,EQ,20,MAHINDRA LOGISTIC LIMITED,INE766P01016,327.45
2085,MAHSCOOTER,EQ,20,MAHARASHTRA SCOOTERS LTD,INE288A01013,13850.0
2088,MAHSEAMLES,EQ,20,MAHARASHTRA SEAMLESS LTD,INE271B01025,710.9
24538,MAITHANALL,EQ,20,MAITHAN ALLOYS LTD,INE683C01011,1139.8
7979,MAKEINDIA,EQ,20,MIRAEAMC - MAMFGETF,INF769K01IB1,147.58
7965,MALLCOM,EQ,20,MALLCOM (INDIA) LIMITED,INE389C01015,1157.0
13352,MALUPAPER,EQ,20,MALU PAPER MILLS LIMITED,INE383H01017,39.98
28687,MAMATA,EQ,20,MAMATA MACHINERY LIMITED,INE0TO701015,454.0
7420,MANAKALUCO,EQ,20,MANAK ALUMINIUM CO. LTD.,INE859Q01017,26.96
15199,MANAKSIA,EQ,20,MANAKSIA LTD.,INE015D01022,71.68
13796,MANALIPETC,EQ,20,MANALI PETROCHEMICALS LT,INE201A01024,58.66
25597,MANBA,EQ,20,MANBA FINANCE LIMITED,INE939X01013,140.7
24823,MANCREDIT,EQ,20,MANGAL CREDIT N FINCORP L,INE545L01039,198.5
11817,MANGALAM,EQ,20,MANGALAM DRUG & CHEM LTD,INE584F01014,81.1
15007,MANGCHEFER,EQ,20,MANG.CHEM.FERT.LTD,INE558B01017,274.5
2106,MANGLMCEM,EQ,20,MANGALAM CEMENT LTD,INE347A01017,806.9
11884,MANINDS,EQ,20,MAN INDUSTRIES (I) LTD.,INE993A01026,406.0
18226,MANINFRA,EQ,20,MAN INFRA LTD,INE949H01023,167.19
13753,MANOMAY,EQ,20,MANOMAY TEX INDIA LTD,INE784W01015,170.8
10227,MANORAMA,EQ,20,MANORAMA INDUSTRIES LTD,INE00VM01036,1486.7
13572,MANUGRAPH,EQ,20,MANUGRAPH INDIA LIMITED,INE867A01022,25.3
8167,MANYAVAR,EQ,20,VEDANT FASHIONS LIMITED,INE825V01034,818.0
7227,MAPMYINDIA,EQ,20,C.E. INFO SYSTEMS LIMITED,INE0BV301023,1947.7
2112,MARALOVER,EQ,20,MARAL OVERSEAS LTD,INE882A01013,75.94
18659,MARATHON,EQ,20,MARATHON NXTGEN REALT LTD,INE182D01020,523.4
10579,MARKSANS,EQ,20,MARKSANS PHARMA LIMITED,INE750C01026,260.0
199,MASFIN,EQ,20,MAS FINANCIAL SERV LTD,INE348L01012,297.0
5782,MASPTOP50,EQ,20,MIRAEAMC - MASPTOP50,INF769K01HP3,54.86
2124,MASTEK,EQ,20,MASTEK LTD,INE759A01021,2341.8
27047,MASTERTR,EQ,20,MASTER TRUST LIMITED,INE677D01037,158.7
21726,MATRIMONY,EQ,20,MATRIMONY.COM LIMITED,INE866R01028,504.8
17022,MAWANASUG,EQ,20,MAWANA SUGARS LIMITED,INE636A01039,102.79
19646,MAXESTATES,EQ,20,MAX ESTATES LIMITED,INE03EI01018,530.0
22428,MAXIND,EQ,20,MAX INDIA LIMITED,INE0CG601016,190.0
28906,MAYURUNIQ,EQ,20,MAYUR UNIQUOTERS LTD,INE040D01038,589.8
18866,MAZDA,EQ,20,MAZDA LIMITED,INE885E01042,250.8
12686,MBAPL,EQ,20,MADHYA BHARAT AGRO P. LTD,INE900L01010,394.9
29482,MCLOUD,EQ,20,MAGELLANIC CLOUD LIMITED,INE613C01026,76.87
11956,MEDANTA,EQ,20,GLOBAL HEALTH LIMITED,INE474Q01031,1218.0
21705,MEDIASSIST,EQ,20,MEDI ASSIST HEALTH SER L,INE456Z01021,509.0
6278,MEDICAMEQ,EQ,20,MEDICAMEN BIOTECH LIMITED,INE646B01010,424.0
9667,MEDICO,EQ,20,MEDICO REMEDIES LIMITED,INE630Y01024,54.11
7254,MEDPLUS,EQ,20,MEDPLUS HEALTH SERV LTD,INE804L01022,968.35
8153,MEGASTAR,EQ,20,MEGASTAR FOODS LIMITED,INE00EM01016,264.95
6961,MENONBE,EQ,20,MENON BEARINGS LIMITED,INE071D01033,127.68
25744,METAL,EQ,20,MIRAEAMC - METAL,INF769K01LY7,9.24
24861,METALIETF,EQ,20,ICICIPRAMC - METALIETF,INF109KC19W1,9.17
7242,METROBRAND,EQ,20,METRO BRANDS LIMITED,INE317I01021,1216.0
9581,METROPOLIS,EQ,20,METROPOLIS HEALTHCARE LTD,INE112L01020,1685.0
1593,MGEL,EQ,20,MANGALAM GLOBAL ENT LTD,INE0APB01032,13.1
17333,MHRIL,EQ,20,MAHINDRA HOLIDAYS LTD,INE998I01010,366.35
30469,MID150,EQ,20,KOTAKMAMC - MID150,INF174KA1VW2,23.0
8506,MID150BEES,EQ,20,NIP IND ETF MIDCAP 150,INF204KB1V68,221.6
24077,MID150CASE,EQ,20,ZERODHAAMC - MID150CASE,INF0R8F01059,10.83
8077,MIDCAP,EQ,20,KOTAKMAMC - KOTAKMID50,INF174KA1IB3,164.19
8413,MIDCAPETF,EQ,20,MIRAEAMC - MAM150ETF,INF769K01IC9,21.63
17152,MIDCAPIETF,EQ,20,ICICIPRAMC - ICICIM150,INF109KC11W8,22.0
2463,MIDHANI,EQ,20,MISHRA DHATU NIGAM LTD,INE099Z01011,429.6
7456,MIDQ50ADD,EQ,20,DSPAMC - DSPQ50ETF,INF740KA1QL0,249.54
17702,MIDSELIETF,EQ,20,ICICI PRUD MIDCAP SEL ETF,INF109KC10W0,17.4
23855,MIDSMALL,EQ,20,MIRAEAMC - MIDSMALL,INF769K01LJ8,50.1
25897,MINDACORP,EQ,20,MINDA CORPORATION LTD,INE842C01021,525.85
18049,MINDTECK,EQ,20,MINDTECK (INDIA) LIMITED,INE110B01017,257.75
4394,MIRZAINT,EQ,20,MIRZA INTERNATIONAL LIMIT,INE771A01026,31.29
8469,MITCON,EQ,20,MITCON CON & ENG SER LTD,INE828O01033,84.64
18562,MITTAL,EQ,20,MITTAL LIFE STYLE LIMITED,INE997Y01027,1.64
13844,MMFL,EQ,20,MM FORGINGS LTD,INE227C01017,371.45
16395,MMP,EQ,20,MMP INDUSTRIES LIMITED,INE511Y01018,245.0
10676,MNC,EQ,20,KOTAKMAMC - KOTAKMNC,INF174KA1JF2,28.71
28046,MOBIKWIK,EQ,20,ONE MOBIKWIK SYSTEMS LTD,INE0HLU01028,281.15
30065,MOCAPITAL,EQ,20,MOTILALAMC - MOCAPITAL,INF247L01EV3,43.97
24944,MODEFENCE,EQ,20,MOTILALAMC - MODEFENCE,INF247L01DJ0,95.6
3316,MODISONLTD,EQ,20,MODISON LIMITED,INE737D01021,178.0
1507,MOGSEC,EQ,20,MOTILALAMC - G5,INF247L01AK4,62.3
10508,MOHEALTH,EQ,20,MOTILALAMC - MOHEALTH,INF247L01BB1,43.44
20830,MOIL,EQ,20,MOIL LIMITED,INE490G01020,376.8
757031,MOINFRA,EQ,20,MOTILALAMC - MOINFRA,INF247L01FL1,60.78
3586,MOKSH,EQ,20,MOKSH ORNAMENTS LIMITED,INE514Y01020,15.25
5394,MOL,EQ,20,MEGHMANI ORGANICS LIMITED,INE0CT101020,87.65
17625,MOLDTECH,EQ,20,MOLD-TEK TECHNOLOGIES LTD,INE835B01035,141.0
6713,MOLDTKPAC,EQ,20,MOLD-TEK PACKAGING LTD,INE893J01029,670.0
8654,MOLOWVOL,EQ,20,MOTILALAMC - MOLOWVOL,INF247L01BL0,37.23
21423,MOM100,EQ,20,MOTILAL OS MIDCAP100 ETF,INF247L01023,62.07
10585,MOM30IETF,EQ,20,ICICIPRAMC - ICICIMOM30,INF109KC17C7,31.11
19289,MOM50,EQ,20,MOTILAL OSWAL M50 ETF,INF247L01536,256.85
10693,MOMENTUM,EQ,20,BIRLASLAMC - MOMENTUM,INF209KB14K7,31.08
25606,MOMENTUM50,EQ,20,MOTILALAMC - MOMENTUM50,INF247L01DK8,52.79
757099,MOMGF,EQ,20,MOTILALAMC - MOMGF,INF247L01FK3,140.62
8182,MOMOMENTUM,EQ,20,MOTILALAMC - MOMOMENTUM,INF247L01BK2,62.32
22739,MON100,EQ,20,MOTILAL OS NASDAQ100 ETF,INF247L01AP3,179.18
756900,MON50EQUAL,EQ,20,MOTILALAMC - MON50EQUAL,INF247L01FC0,30.95
7679,MONARCH,EQ,20,MONARCH NETWORTH CAP LTD,INE903D01011,313.2
757167,MONEXT50,EQ,20,MOTILALAMC - MONEXT50,INF247L01FD8,66.35
19237,MONIFTY500,EQ,20,MOTILALAMC - MONIFTY500,INF247L01BU1,23.2
7422,MONQ50,EQ,20,MOTILALAMC - MONQ50,INF247L01AU3,75.19
5938,MONTECARLO,EQ,20,MONTE CARLO FASHIONS LTD.,INE950M01013,609.05
10822,MOQUALITY,EQ,20,MOTILALAMC - MOQUALITY,INF247L01BH8,192.25
23184,MOREALTY,EQ,20,MOTILALAMC - MOREALTY,INF247L01CI4,97.3
2259,MOREPENLAB,EQ,20,MOREPEN LAB. LTD,INE083A01026,65.86
29459,MOSCHIP,EQ,20,MOSCHIP TECHNOLOGIES LTD,INE935B01025,196.0
23181,MOSMALL250,EQ,20,MOTILALAMC - MOSMALL250,INF247L01CH6,17.1
14947,MOTILALOFS,EQ,20,MOTILAL OSWAL FIN LTD,INE338I01027,831.0
20788,MOTISONS,EQ,20,MOTISONS JEWELLERS LTD,INE0FRK01020,17.25
2268,MOTOGENFIN,EQ,20,MOTOR & GENERAL FINANCE L,INE861B01023,28.34
10825,MOVALUE,EQ,20,MOTILALAMC - MOVALUE,INF247L01BE5,102.86
10578,MPSLTD,EQ,20,MPS LIMITED,INE943D01017,2720.0
2277,MRF,EQ,20,MRF LTD,INE883A01011,141400.0
2283,MRPL,EQ,20,MRPL,INE103A01014,145.16
29758,MSCIINDIA,EQ,20,KOTAKMAMC - MSCIINDIA,INF174KA1VD2,29.7
9356,MSTCLTD,EQ,20,MSTC LIMITED,INE255X01014,559.7
8596,MSUMI,EQ,20,MOTHERSON SUMI WRNG IND L,INE0FS801015,58.42
2709,MTARTECH,EQ,20,MTAR TECHNOLOGIES LIMITED,INE864I01014,1664.0
2294,MTNL,EQ,20,MAHANAGAR TELEPHONE NIGAM,INE153A01019,51.9
19783,MUFIN,EQ,20,MUFIN GREEN FINANCE LTD,INE08KJ01020,79.64
20878,MUFTI,EQ,20,CREDO BRANDS MARKETING L,INE220Q01020,189.0
11325,MUKANDLTD,EQ,20,MUKAND LTD.,INE304A01026,119.8
22980,MUKKA,EQ,20,MUKKA PROTEINS LIMITED,INE0CG401037,31.39
8687,MUKTAARTS,EQ,20,MUKTA ARTS LIMITED,INE374B01019,79.76
25080,MULTICAP,EQ,20,MIRAEAMC - MULTICAP,INF769K01LX9,16.07
13511,MUNJALAU,EQ,20,MUNJAL AUTO IND. LTD.,INE672B01032,83.3
2307,MUNJALSHOW,EQ,20,MUNJAL SHOWA LTD,INE577A01027,145.0
2313,MURUDCERA,EQ,20,MURUDESHWAR CERAMICS LTD,INE692B01014,41.9
10415,MUTHOOTCAP,EQ,20,MUTHOOT CAP SERV LTD,INE296G01013,291.5
20831,MUTHOOTMF,EQ,20,MUTHOOT MICROFIN LIMITED,INE046W01019,128.98
19015,MVGJL,EQ,20,MANOJ VAIBHAV GEM N JEW L,INE0KNT01012,241.45
14702,NAGREEKEXP,EQ,20,NAGREEKA EXPORTS LTD.,INE123B01028,32.0
15360,NAHARCAP,EQ,20,NAHAR CAP & FIN.,INE049I01012,299.0
13106,NAHARINDUS,EQ,20,NAHAR INDS ENT LTD,INE289A01011,140.9
14440,NAHARSPING,EQ,20,NAHAR SPINNING MILLS LTD.,INE290A01027,297.7
357,NAM-INDIA,EQ,20,NIPPON L I A M LTD,INE298J01013,747.0
29583,NATCAPSUQ,EQ,20,NATURAL CAPSULES LIMITED,INE936B01015,233.98
3918,NATCOPHARM,EQ,20,NATCO PHARMA LTD.,INE987B01026,885.0
11065,NATHBIOGEN,EQ,20,NATH BIO-GENES (I) LTD,INE448G01010,198.0
4014,NAVA,EQ,20,NAVA LIMITED,INE725A01030,499.0
14672,NAVINFLUOR,EQ,20,NAVIN FLUORINE INT. LTD,INE048G01026,4450.0
10557,NAVKARCORP,EQ,20,NAVKAR CORPORATION LTD.,INE278M01019,114.49
2385,NAVNETEDUL,EQ,20,NAVNEET EDUCATION LTD,INE060A01024,145.83
2987,NAZARA,EQ,20,NAZARA TECHNOLOGIES LTD,INE418L01021,1315.1
14490,NCLIND,EQ,20,NCL INDUSTRIES LIMITED,INE732C01016,216.8
18371,NDGL,EQ,20,NAGA DHUNSERI GROUP LTD,INE756C01015,4380.0
31258,NDL,EQ,20,NANDAN DENIM LIMITED,INE875G01048,4.42
22255,NDRAUTO,EQ,20,NDR AUTO COMPONENTS LTD,INE07OG01012,997.5
11427,NDTV,EQ,20,NDTV LTD,INE155G01029,172.7
13522,NECCLTD,EQ,20,NORTH EAST CARRY CORP LTD,INE553C01016,24.39
2388,NELCO,EQ,20,NELCO LTD,INE045B01015,910.45
9917,NEOGEN,EQ,20,NEOGEN CHEMICALS LIMITED,INE136S01016,1687.4
15409,NESCO,EQ,20,NESCO LTD.,INE317F01035,937.7
7838,NETF,EQ,20,TATAAML - NETF,INF277K015R5,268.51
17433,NETWEB,EQ,20,NETWEB TECH INDIA LTD,INE0NT901020,2003.4
14111,NETWORK18,EQ,20,NETWORK18 MEDIA & INV LTD,INE870H01013,57.45
2406,NEULANDLAB,EQ,20,NEULAND LAB LTD.,INE794A01010,11831.0
1164,NEWGEN,EQ,20,NEWGEN SOFTWARE TECH LTD,INE619B01017,1242.3
29464,NEXT30ADD,EQ,20,DSPAMC - NEXT30ADD,INF740KA1VE5,37.66
17181,NEXT50,EQ,20,MIRAEAMC - MANXT50,INF769K01FN2,685.12
4529,NEXT50IETF,EQ,20,ICICIPRAMC - ICICINXT50,INF109KC1NS5,71.95
13925,NFL,EQ,20,NATIONAL FERT. LTD,INE870D01012,99.81
5401,NGIL,EQ,20,NAKODA GROUP OF IND. LTD,INE236Y01012,30.19
11840,NH,EQ,20,NARAYANA HRUDAYALAYA LTD.,INE410P01011,1759.5
399,NIACL,EQ,20,THE NEW INDIA ASSU CO LTD,INE470Y01017,188.5
29733,NIBL,EQ,20,NRB INDUS. BEARINGS LTD.,INE047O01014,30.98
29577,NIF100BEES,EQ,20,NIP IND ETF NIFTY 100,INF204K014N5,266.65
30392,NIF100IETF,EQ,20,ICICI PRUD NIFTY 100 ETF,INF109KC16V9,28.04
22524,NIF10GETF,EQ,20,UTIAMC - NIF10GETF,INF789F1AZF3,26.1
22521,NIF5GETF,EQ,20,UTIAMC - NIF5GETF,INF789F1AZE6,62.93
22488,NIFITETF,EQ,20,UTIAMC - NIFITETF,INF789F1AZD8,381.81
18347,NIFMID150,EQ,20,UTIAMC - NIFMID150,INF789F1AYX9,213.58
18102,NIFTY1,EQ,20,KOTAK NIFTY ETF,INF174K014P6,272.49
29944,NIFTY100EW,EQ,20,KOTAKMAMC - NIFTY100EW,INF174KA1UW4,32.36
7451,NIFTY50ADD,EQ,20,DSPAMC - DSPN50ETF,INF740KA1CL0,258.47
10576,NIFTYBEES,EQ,20,NIP IND ETF NIFTY BEES,INF204KB14I2,278.38
21959,NIFTYBETF,EQ,20,BFAM - NIFTYBETF,INF0QA701722,251.69
6353,NIFTYETF,EQ,20,MIRAEAMC - MAN50ETF,INF769K01EG9,266.99
29553,NIFTYIETF,EQ,20,ICICI PRUD NIFTY ETF,INF109K012R6,277.19
10690,NIFTYQLITY,EQ,20,BIRLASLAMC - NIFTYQLITY,INF209KB15K4,21.4
11522,NIITLTD,EQ,20,NIIT LIMITED,INE161A01038,137.94
17747,NIITMTS,EQ,20,NIIT LEARNING SYSTEMS LTD,INE342G01023,334.65
9253,NILAINFRA,EQ,20,NILA INFRASTRUCTURES LTD,INE937C01029,11.48
2421,NILKAMAL,EQ,20,NILKAMAL LIMITED,INE310A01015,1769.2
14194,NINSYS,EQ,20,NINTEC SYSTEMS LIMITED,INE395U01014,484.15
6782,NIPPOBATRY,EQ,20,INDO-NATIONAL LIMITED,INE567A01028,515.4
255,NIRAJ,EQ,20,NIRAJ CEMENT STRUC LTD,INE368I01016,59.63
13175,NITINSPIN,EQ,20,NITIN SPINNERS LIMITED,INE229H01012,415.0
27097,NIVABUPA,EQ,20,NIVA BUPA HEALTH INS CO L,INE995S01015,85.41
8585,NLCINDIA,EQ,20,NLC INDIA LIMITED,INE589A01014,242.8
2442,NOCIL,EQ,20,NOCIL LIMITED,INE163A01018,185.7
25426,NORTHARC,EQ,20,NORTHERN ARC CAPITAL LTD,INE850M01015,220.1
22477,NOVAAGRI,EQ,20,NOVA AGRITECH LIMITED,INE02H701025,48.35
12978,NPBET,EQ,20,TATAAML - NPBET,INF277K010X4,285.1
756324,NPST,EQ,20,NETWORK PEOPLE SRV TECH L,INE0FFK01017,2225.0
20314,NRAIL,EQ,20,N R AGARWAL INDS LTD,INE740D01017,269.9
7553,NRBBEARING,EQ,20,NRB BEARING LIMITED,INE349A01021,270.0
13675,NRL,EQ,20,NUPUR RECYCLERS LIMITED,INE0JM501013,94.0
11239,NSIL,EQ,20,NALWA SONS INVESTMENT LTD,INE023A01030,7012.0
14180,NSLNISP,EQ,20,NMDC STEEL LIMITED,INE0NNS01018,38.7
27176,NTPCGREEN,EQ,20,NTPC GREEN ENERGY LIMITED,INE0ONG01011,112.05
10791,NUCLEUS,EQ,20,NUCLEUS SOFTWARE EXPORTS,INE096B01018,1298.6
18721,NUVAMA,EQ,20,NUVAMA WEALTH MANAGE LTD,INE531F01015,7349.0
5426,NUVOCO,EQ,20,NUVOCO VISTAS CORP LTD,INE118D01016,357.3
11457,NV20,EQ,20,KOTAKMAMC - KTKNV20ETF,INF174K01Z71,149.99
9847,NV20BEES,EQ,20,NIP IND ETF ETF NV20,INF204KB18I3,149.69
17475,NV20IETF,EQ,20,ICICI PRUDENTIAL NV20 ETF,INF109KC11V0,14.78
10768,OAL,EQ,20,ORIENTAL AROMATICS LTD,INE959C01023,369.85
8797,OBCL,EQ,20,ORISSA BENGAL CARRIER LTD,INE426Z01016,56.39
12231,OCCL,EQ,20,ORIENTAL CARBN & CHEM LTD,INE321D01016,211.0
25918,OCCLLTD,EQ,20,OCCL LIMITED,INE0PK601023,96.87
24533,OILIETF,EQ,20,ICICIPRAMC - OILIETF,INF109KC18W3,11.5
24777,OLAELEC,EQ,20,OLA ELECTRIC MOBILITY LTD,INE0LXG01040,54.4
10637,OLECTRA,EQ,20,OLECTRA GREENTECH LIMITED,INE260D01016,1261.0
10922,OMAXAUTO,EQ,20,OMAX AUTOS LTD,INE090B01011,90.1
14853,OMAXE,EQ,20,OMAXE LIMITED,INE800H01010,101.65
24231,OMINFRAL,EQ,20,OM INFRA LIMITED,INE239D01028,129.88
29224,ONESOURCE,EQ,20,ONESOURCE SPECL PHARMA L,INE013P01021,1949.9
15278,ONMOBILE,EQ,20,ONMOBILE GLOBAL LTD.,INE809I01019,58.02
2481,ONWARDTEC,EQ,20,ONWARD TECHNOLOGIES LTD,INE229A01017,319.0
10159,ORICONENT,EQ,20,ORICON ENTERPRISES LTD,INE730A01022,42.29
14346,ORIENTALTL,EQ,20,ORIENTAL TRIMEX LTD,INE998H01012,14.09
14278,ORIENTBELL,EQ,20,ORIENT BELL LIMITED,INE607D01018,255.35
30089,ORIENTCEM,EQ,20,ORIENT CEMENT LTD.,INE876N01018,350.7
13111,ORIENTCER,EQ,20,ORIENT CERATECH LIMITED,INE569C01020,37.6
2972,ORIENTELEC,EQ,20,ORIENT ELECTRIC LIMITED,INE142Z01019,229.8
2493,ORIENTHOT,EQ,20,ORIENT HOTELS LTD,INE750A01020,161.5
2496,ORIENTPPR,EQ,20,ORIENT PAPER AND INDS LTD,INE592A01026,30.74
19931,ORISSAMINE,EQ,20,ORISSA MIN DEV CO LTD,INE725E01024,5146.0
2514,OSWALAGRO,EQ,20,OSWAL AGRO MILLS LTD,INE142A01012,93.77
471,OSWALGREEN,EQ,20,OSWAL GREENTECH LIMITED,INE143A01010,44.89
25468,PAISALO,EQ,20,PAISALO DIGITAL LIMITED,INE420C01059,32.3
17197,PAKKA,EQ,20,PAKKA LIMITED,INE551D01018,179.35
21383,PALASHSECU,EQ,20,PALASH SECURITIES LTD,INE471W01019,124.35
25392,PANAMAPET,EQ,20,PANAMA PETROCHEM LTD,INE305C01029,366.5
13951,PARACABLES,EQ,20,PARAMOUNT COMM LTD,INE074B01023,56.67
9741,PARADEEP,EQ,20,PARADEEP PHOSPHATES LTD,INE088F01024,179.4
17130,PARAGMILK,EQ,20,PARAG MILK FOODS LTD.,INE883N01014,211.94
22649,PARKHOTELS,EQ,20,PARKHOTELS,INE988S01028,152.38
11699,PATELENG,EQ,20,PATEL ENGINEERING LTD.,INE244B01030,42.4
15219,PATINTLOG,EQ,20,PATEL INT. LOG. LTD,INE529D01014,16.15
16192,PAVNAIND,EQ,20,PAVNA INDUSTRIES LIMITED,INE07S101020,399.9
2649,PCBL,EQ,20,PCBL CHEMICAL LIMITED,INE602A01031,399.8
29124,PCJEWELLER,EQ,20,PC JEWELLER LTD,INE785M01021,12.66
5264,PDSL,EQ,20,PDS LIMITED,INE111Q01021,438.45
2610,PEARLPOLY,EQ,20,PEARL POLYMERS LTD,INE844A01013,30.7
20621,PENIND,EQ,20,PENNAR INDUSTRIES LTD,INE932A01024,244.99
2643,PFIZER,EQ,20,PFIZER LTD,INE182A01018,5680.0
13496,PFOCUS,EQ,20,PRIME FOCUS LIMITED,INE367G01038,122.59
22602,PFS,EQ,20,PTC INDIA FIN SERV LTD,INE560K01014,38.12
25358,PGEL,EQ,20,PG ELECTROPLAST LTD,INE457L01029,793.9
2535,PGHH,EQ,20,P&G HYGIENE & HEALTH CARE,INE179A01014,13729.0
940,PGHL,EQ,20,PROCTER & GAMBLE HEALTH L,INE199A01012,5820.0
4973,PHARMABEES,EQ,20,NIPPONAMC - NETFPHARMA,INF204KC1089,22.15
11445,PILANIINVS,EQ,20,PILANI INV & IND COR LTD,INE417C01014,4755.0
30835,PILITA,EQ,20,PIL ITALICA LIFESTYLE LTD,INE600A01035,19.65
14134,PITTIENG,EQ,20,PITTI ENGINEERING LIMITED,INE450D01021,1000.0
9087,PIXTRANS,EQ,20,PIX TRANSMISSIONS LIMITED,INE751B01018,1608.1
10321,PKTEA,EQ,20,THE P K TEA PROD CO LTD,INE431F01018,778.25
13920,PLASTIBLEN,EQ,20,PLASTIBLENDS INDIA LTD,INE083C01022,217.49
22930,PLATIND,EQ,20,PLATINUM INDUSTRIES LTD,INE0PT501018,259.4
19458,PLAZACABLE,EQ,20,PLAZA WIRES LIMITED,INE0INJ01017,65.34
8736,PNBGILTS,EQ,20,PNB GILTS LIMITED,INE859A01011,102.45
9385,PNCINFRA,EQ,20,PNC INFRATECH LTD.,INE195J01029,291.95
19036,PODDARMENT,EQ,20,PODDAR PIGMENTS LIMITED,INE371C01013,304.85
25718,POLYMED,EQ,20,POLY MEDICURE LIMITED,INE205C01021,2271.4
2687,POLYPLEX,EQ,20,POLYPLEX CORPORATION LTD,INE633B01018,1356.0
10661,PONNIERODE,EQ,20,PONNIE SUGARS (ERODE) LTD,INE838E01017,337.5
18457,POWERINDIA,EQ,20,HITACHI ENERGY INDIA LTD,INE07Y701011,19524.0
10473,POWERMECH,EQ,20,POWER MECH PROJECTS LTD.,INE211R01019,3160.0
15209,PPAP,EQ,20,PPAP AUTOMOTIVE LIMITED,INE095I01015,249.47
10297,PPL,EQ,20,PRAKASH PIPES LIMITED,INE050001010,408.95
13941,PRAENG,EQ,20,PRAJAY ENG. SYN. LTD.,INE505C01016,20.3
2705,PRAJIND,EQ,20,PRAJ INDUSTRIES LTD,INE074A01025,490.6
2708,PRAKASH,EQ,20,PRAKASH INDUSTRIES LTD,INE603A01013,166.08
19599,PRAKASHSTL,EQ,20,PRAKASH STEELAGE LTD,INE696K01024,6.54
12603,PRECAM,EQ,20,PRECISION CAMSHAFTS LTD.,INE484I01029,210.0
2711,PRECOT,EQ,20,PRECOT LIMITED,INE283A01014,567.0
2717,PRECWIRE,EQ,20,PRECISION WIRES INDIA LTD,INE372C01037,191.97
25049,PREMIERENE,EQ,20,PREMIER ENERGIES LIMITED,INE0BS701011,1085.0
3908,PREMIERPOL,EQ,20,PREMIER POLYFILM LTD,INE309M01020,55.0
19631,PRICOLLTD,EQ,20,PRICOL LIMITED,INE726V01018,458.5
11864,PRIMESECU,EQ,20,PRIME SECURITIES LIMITED,INE032B01021,259.89
756925,PRIMO,EQ,20,PRIMO CHEMICALS LIMITED,INE607A01022,26.95
16045,PRINCEPIPE,EQ,20,PRINCE PIPES FITTINGS LTD,INE689W01016,337.45
8304,PRITI,EQ,20,PRITI INTERNATIONAL LTD,INE974Z01015,97.03
5292,PRITIKAUTO,EQ,20,PRITIKA AUTO INDUS LTD,INE583R01029,18.8
8825,PRIVISCL,EQ,20,PRIVI SPECIALITY CHE LTD,INE959A01019,2342.0
2739,PRSMJOHNSN,EQ,20,PRISM JOHNSON LIMITED,INE010A01011,146.47
9553,PRUDENT,EQ,20,PRUDENT CORP ADV SER LTD,INE00F201020,3030.0
20877,PSPPROJECT,EQ,20,PSP PROJECTS LIMITED,INE488V01015,641.0
15061,PSUBANK,EQ,20,KOTAK PSU BANK,INF373I01023,717.44
17616,PSUBANKADD,EQ,20,DSPAMC - DSPPSBKETF,INF740KA1SY9,72.04
15032,PSUBNKBEES,EQ,20,NIP IND ETF PSU BANK BEES,INF204KB16I7,80.0
14584,PSUBNKIETF,EQ,20,ICICIPRAMC - PSUBANKICI,INF109KC10S8,72.37
11355,PTC,EQ,20,PTC INDIA LIMITED,INE877F01012,177.14
14101,PTL,EQ,20,PTL ENTERPRISES LTD,INE034D01049,41.1
4344,PUNJABCHEM,EQ,20,PUNJAB CHEM & CROP PROT L,INE277B01014,1210.9
4010,PVP,EQ,20,PVP VENTURES LIMITED,INE362A01016,25.0
13147,PVRINOX,EQ,20,PVR INOX LIMITED,INE191H01014,1044.9
23142,PVSL,EQ,20,POPULAR VEHICLES N SER L,INE772T01024,129.5
11386,PVTBANIETF,EQ,20,ICICIPRAMC - ICICIBANKP,INF109KC18U7,27.95
17576,PVTBANKADD,EQ,20,DSPAMC - DSPPVBKETF,INF740KA1TA7,27.9
18250,PYRAMID,EQ,20,PYRAMID TECHNOPLAST LTD,INE0MIS01010,177.4
15330,QGOLDHALF,EQ,20,QUANTUM GOLD FUND,INF082J01408,80.64
16819,QNIFTY,EQ,20,QUANTUM NIFTY 50 ETF,INF082J01028,2688.0
29711,QPOWER,EQ,20,QUALITY POWER ELEC EQUP L,INE0SII01026,488.8
29087,QUADFUTURE,EQ,20,QUADRANT FUTURE TEK LTD,INE0LRY01011,454.0
17808,QUAL30IETF,EQ,20,ICICIPRAMC - ICICIQTY30,INF109KC18V5,21.18
17704,QUESS,EQ,20,QUESS CORP LIMITED,INE615P01015,319.8
13116,QUICKHEAL,EQ,20,QUICK HEAL TECH LTD,INE306L01010,327.8
15391,RACE,EQ,20,RACE ECO CHAIN LIMITED,INE084Q01012,267.1
27171,RACLGEAR,EQ,20,RACL GEARTECH LIMITED,INE704B01017,1009.95
10343,RADHIKAJWE,EQ,20,RADHIKA JEWELTECH LIMITED,INE583V01021,86.0
13580,RADIANTCMS,EQ,20,RADIANT CASH MGMT SER LTD,INE855R01021,67.41
10990,RADICO,EQ,20,RADICO KHAITAN LTD,INE944F01028,2579.0
19877,RADIOCITY,EQ,20,MUSIC BROADCAST LIMITED,INE919I01024,111.1
2431,RAILTEL,EQ,20,RAILTEL CORP OF IND LTD,INE0DD101019,405.0
15337,RAIN,EQ,20,RAIN INDUSTRIES LIMITED,INE855B01025,144.34
9408,RAINBOW,EQ,20,RAINBOW CHILDRENS MED LTD,INE961O01016,1417.0
7401,RAJESHEXPO,EQ,20,RAJESH EXPORTS LTD,INE343B01030,205.57
2809,RAJSREESUG,EQ,20,RAJSHREE SUGAR & CHEMICAL,INE562B01019,49.85
2816,RALLIS,EQ,20,RALLIS INDIA LTD,INE613A01020,321.7
10300,RAMASTEEL,EQ,20,RAMA STEEL TUBES LIMITED,INE230R01035,12.07
2043,RAMCOCEM,EQ,20,THE RAMCO CEMENTS LIMITED,INE331A01037,994.8
4587,RAMCOIND,EQ,20,RAMCO INDUSTRIES LIMITED,INE614A01028,263.45
7851,RAMCOSYS,EQ,20,RAMCO SYSTEMS LTD.,INE246B01019,454.4
20134,RAMKY,EQ,20,RAMKY INFRA LTD,INE874I01013,495.25
10485,RAMRAT,EQ,20,RAM RATNA WIRES LIMITED,INE207E01023,670.8
2837,RANASUG,EQ,20,RANA SUGARS LTD.,INE625B01014,16.9
2844,RANEHOLDIN,EQ,20,RANE HOLDINGS LIMITED,INE384A01010,1577.9
7177,RATEGAIN,EQ,20,RATEGAIN TRAVEL TECHN LTD,INE0CLI01024,458.2
13451,RATNAMANI,EQ,20,RATNAMANI MET & TUB LTD.,INE703B01027,2827.2
18423,RATNAVEER,EQ,20,RATNAVEER PRECISION ENG L,INE05CZ01011,169.45
2859,RAYMOND,EQ,20,RAYMOND LTD,INE301A01014,633.9
25073,RAYMONDLSL,EQ,20,RAYMOND LIFESTYLE LIMITED,INE02ID01020,1046.0
1494,RBA,EQ,20,RESTAURANT BRAND ASIA LTD,INE07T201019,82.24
2866,RCF,EQ,20,RASHTRIYA CHEMICALS & FER,INE027A01015,151.5
14255,REDINGTON,EQ,20,REDINGTON LIMITED,INE891D01026,270.1
17859,REDTAPE,EQ,20,REDTAPE LIMITED,INE0LXT01019,137.0
17764,REFEX,EQ,20,REFEX INDUSTRIES LIMITED,INE056I01025,495.0
24225,RELAXO,EQ,20,RELAXO FOOT LTD.,INE131B01039,446.0
9652,RELCHEMQ,EQ,20,RELIANCE CHEMOTEX IND LTD,INE750D01016,209.56
24378,RELIABLE,EQ,20,RELIABLE DATA SERVICE LTD,INE375Y01018,79.0
15068,RELIGARE,EQ,20,RELIGARE ENTER. LTD.,INE621H01010,232.57
553,RELINFRA,EQ,20,RELIANCE INFRASTRUCTU LTD,INE036A01016,359.0
3965,REMSONSIND,EQ,20,REMSONS INDUSTRIES LTD,INE474C01023,144.51
12026,RENUKA,EQ,20,SHREE RENUKA SUGARS LTD,INE087H01022,33.6
29598,REPCOHOME,EQ,20,REPCO HOME FINANCE LTD,INE612J01015,406.35
1480,REPL,EQ,20,RUDRABHISHEK ENTERP LTD,INE364Z01019,197.38
13126,REPRO,EQ,20,REPRO INDIA LIMITED,INE461B01014,571.7
20323,RESPONIND,EQ,20,RESPONSIVE INDUSTRIES LTD,INE688D01026,207.75
15129,RGL,EQ,20,RENAISSANCE GLOBAL LTD,INE722H01024,129.8
31163,RHIM,EQ,20,RHI MAGNESITA INDIA LTD,INE743M01012,463.35
2909,RICOAUTO,EQ,20,RICO AUTO INDUSTRIES LTD,INE209B01025,78.33
2912,RIIL,EQ,20,RELIANCE INDUSTRIAL INFRA,INE046A01015,988.0
18417,RISHABH,EQ,20,RISHABH INSTRUMENTS LTD,INE0N2P01017,309.65
8944,RITCO,EQ,20,RITCO LOGISTICS LIMITED,INE01EG01016,300.0
3761,RITES,EQ,20,RITES LIMITED,INE320J01015,282.55
20950,RKDL,EQ,20,RAVI KUMAR DIST. LTD.,INE722J01012,30.17
11411,RKFORGE,EQ,20,RAMKRISHNA FORGINGS LTD,INE399G01023,617.9
23043,RKSWAMY,EQ,20,R K SWAMY LIMITED,INE0NQ801033,191.13
11975,RML,EQ,20,RANE (MADRAS) LIMITED,INE050H01012,920.0
13182,ROHLTD,EQ,20,ROYAL ORCHID HOTELS LTD,INE283H01019,367.0
5279,ROLEXRINGS,EQ,20,ROLEX RINGS LIMITED,INE645S01016,1629.1
359,ROML,EQ,20,RAJ OIL MILLS LIMITED,INE294G01026,48.03
19410,ROSSARI,EQ,20,ROSSARI BIOTECH LIMITED,INE02A801020,683.4
9049,ROTO,EQ,20,ROTO PUMPS LIMITED,INE535D01037,270.95
128,ROUTE,EQ,20,ROUTE MOBILE LIMITED,INE450U01017,972.0
24735,RPEL,EQ,20,RAGHAV PRODUCTIVITY ENH L,INE912T01018,724.0
16725,RPGLIFE,EQ,20,RPG LIFE SCIENCES LTD,INE105J01010,2213.9
15259,RPOWER,EQ,20,RELIANCE POWER LTD.,INE614G01033,62.8
6913,RPPL,EQ,20,RAJSHREE POLYPACK LTD,INE760W01023,28.5
8119,RPSGVENT,EQ,20,RPSG VENTURES LIMITED,INE425Y01011,967.0
22670,RPTECH,EQ,20,RASHI PERIPHERALS LIMITED,INE0J1F01024,314.85
18566,RRKABEL,EQ,20,R R KABEL LIMITED,INE777K01022,1443.7
2794,RSWM,EQ,20,RSWM LIMITED,INE611A01016,179.85
13414,RSYSTEMS,EQ,20,R SYS INTERNATIONAL LTD,INE411H01032,381.45
27297,RTNINDIA,EQ,20,RATTANINDIA ENT LIMITED,INE834M01019,48.12
17520,RTNPOWER,EQ,20,RATTANINDIA POWER LIMITED,INE399K01017,11.62
24730,RUBFILA,EQ,20,RUBFILA INTERNATIONAL LTD,INE642C01025,81.0
2939,RUBYMILLS,EQ,20,THE RUBY MILLS LTD,INE301D01026,209.3
4566,RUCHINFRA,EQ,20,RUCHI INFRASTRUCTURE LTD,INE413B01023,9.96
13821,RUCHIRA,EQ,20,RUCHIRA PAPERS LIMITED,INE803H01014,140.9
25724,RUPA,EQ,20,RUPA & COMPANY LTD,INE895B01021,213.99
24595,RUSHIL,EQ,20,RUSHIL DECOR LIMITED,INE573K01025,29.99
13035,SAFARI,EQ,20,SAFARI IND (INDIA) LTD,INE429E01023,2341.0
14068,SAGCEM,EQ,20,SAGAR CEMENTS LIMITED,INE229C01021,239.85
14900,SAHYADRI,EQ,20,SAHYADRI INDUSTRIES LTD,INE280H01015,293.8
27839,SAILIFE,EQ,20,SAI LIFE SCIENCES LIMITED,INE570L01029,748.0
9539,SAKAR,EQ,20,SAKAR HEALTHCARE LIMITED,INE732S01012,329.9
2969,SAKHTISUG,EQ,20,SAKTHI SUGARS LTD,INE623A01011,27.5
11794,SAKSOFT,EQ,20,SAKSOFT LIMITED,INE667G01023,203.52
21362,SALASAR,EQ,20,SALASAR TECHNO ENGG. LTD.,INE170V01027,9.59
17351,SALONA,EQ,20,SALONA COTSPIN LTD.,INE498E01010,258.65
11634,SALSTEEL,EQ,20,S.A.L. STEEL LTD.,INE658G01014,19.0
11399,SALZERELEC,EQ,20,SALZER ELECTRONICS LTD,INE457F01013,943.55
18614,SAMHI,EQ,20,SAMHI HOTELS LIMITED,INE08U801020,203.51
30125,SAMMAANCAP,EQ,20,SAMMAAN CAPITAL LIMITED,INE148I01020,125.73
2988,SANDESH,EQ,20,SANDESH LTD,INE583B01015,1198.6
2397,SANDHAR,EQ,20,SANDHAR TECHNOLOGIES LTD,INE278H01035,524.8
18359,SANDUMA,EQ,20,SANDUR MANG & IRON ORES L,INE149K01016,485.1
4184,SANGAMIND,EQ,20,SANGAM (INDIA) LTD,INE495C01010,417.25
2997,SANGHIIND,EQ,20,SANGHI INDUSTRIES LTD,INE999B01013,62.19
14058,SANGHVIMOV,EQ,20,SANGHVI MOVERS LTD,INE989A01032,308.25
1442,SANOFI,EQ,20,SANOFI INDIA LIMITED,INE058A01010,6216.5
25222,SANOFICONR,EQ,20,SANOFI CONS HEALTHC IND L,INE0UOS01011,5520.0
5751,SANSERA,EQ,20,SANSERA ENGINEERING LTD,INE953O01021,1400.1
24582,SANSTAR,EQ,20,SANSTAR LIMITED,INE08NE01025,94.78
6718,SAPPHIRE,EQ,20,SAPPHIRE FOODS INDIA LTD,INE806T01020,321.7
17758,SARDAEN,EQ,20,SARDA ENERGY & MIN LTD,INE385C01021,436.6
4892,SAREGAMA,EQ,20,SAREGAMA INDIA LIMITED,INE979A01025,550.0
12913,SARVESHWAR,EQ,20,SARVESHWAR FOODS LIMITED,INE324X01026,7.59
11983,SASKEN,EQ,20,SASKEN TECHNOLOGIES LTD,INE231F01020,1548.7
20063,SASTASUNDR,EQ,20,SASTASUNDAR VENTURES LTD,INE019J01013,272.2
11045,SATIA,EQ,20,SATIA INDUSTRIES LIMITED,INE170E01023,79.54
10453,SATIN,EQ,20,SATIN CREDIT NET LTD,INE836B01017,156.99
12015,SATINDLTD,EQ,20,SAT INDUSTRIES LIMITED,INE065D01027,88.68
3018,SAURASHCEM,EQ,20,SAURASHTRA CEMENT LIMITED,INE626A01014,92.5
6792,SBC,EQ,20,SBC EXPORTS LIMITED,INE04AK01028,15.0
4656,SBCL,EQ,20,SHIVALIK BIMETAL CON. LTD,INE386D01027,502.0
18026,SBFC,EQ,20,SBFC FINANCE LIMITED,INE423Y01016,116.2
30290,SBIBPB,EQ,20,SBIAMC - SBIBPB,INF200KB1712,43.0
5168,SBIETFCON,EQ,20,SBIAMC - SBIETFCON,INF200KA1X17,119.66
740,SBIETFIT,EQ,20,SBIAMC - SBIETFIT,INF200KA1S14,405.02
722,SBIETFPB,EQ,20,SBIAMC - SBIETFPB,INF200KA1S22,281.27
7218,SBIETFQLTY,EQ,20,SBIAMC - SBIETFQLTY,INF200KA1WX6,227.76
24524,SBINEQWETF,EQ,20,SBIAMC - SBINEQWETF,INF200KB1282,31.2
24366,SBISILVER,EQ,20,SBIAMC - SBISILVER,INF200KB1217,97.7
1011,SCHAEFFLER,EQ,20,SCHAEFFLER INDIA LIMITED,INE513A01022,4229.5
20698,SCHAND,EQ,20,S CHAND AND COMPANY LTD,INE807K01035,215.79
31234,SCHNEIDER,EQ,20,SCHNEIDER ELECTRIC INFRA,INE839M01018,771.0
3048,SCI,EQ,20,SHIPPING CORP OF INDIA LT,INE109A01011,207.59
23127,SCILAL,EQ,20,SHIPPING CORP OF ILA LTD,INE0PB301013,55.37
12072,SCPL,EQ,20,SHEETAL COOL PRODUCTS LTD,INE501Y01019,337.0
1338,SDBL,EQ,20,SOM DIST & BREW LTD,INE480C01038,144.83
3022,SDL26BEES,EQ,20,RELCAPAMC-NETFSDL26,INF204KC1022,131.78
2616,SEAMECLTD,EQ,20,SEAMEC LIMITED,INE497B01018,924.0
13598,SELAN,EQ,20,SELAN EXPLO. TECH LTD,INE818A01017,578.0
30109,SELECTIPO,EQ,20,MIRAEAMC - SELECTIPO,INF769K01ON4,48.47
28888,SENORES,EQ,20,SENORES PHARMACEUTICALS L,INE0RB801010,524.8
17613,SENSEXADD,EQ,20,DSPAMC - DSPSENXETF,INF740KA1SZ6,83.01
19224,SENSEXETF,EQ,20,MIRAEAMC - SENSEXETF,INF769K01KT9,82.86
4378,SENSEXIETF,EQ,20,ICICI PRUD SENSEX ETF,INF346A01034,924.01
15308,SEPC,EQ,20,SEPC LIMITED,INE964H01014,14.95
14296,SEQUENT,EQ,20,SEQUENT SCIENTIFIC LTD.,INE807F01027,199.95
5507,SERVOTECH,EQ,20,SERVOTECH REN POW SYS LTD,INE782X01033,125.0
3066,SESHAPAPER,EQ,20,SESHASAYEE PAPER & BOARDS,INE630A01024,298.0
17395,SETF10GILT,EQ,20,SBIAMC - SETF10GILT,INF200KA1JT1,259.75
17272,SETFGOLD,EQ,20,SBI-ETF GOLD,INF200KA16D8,83.15
10176,SETFNIF50,EQ,20,SBI-ETF NIFTY 50,INF200KA1FS1,263.6
7361,SETFNIFBK,EQ,20,SBI-ETF NIFTY BANK,INF200KA1580,569.46
7353,SETFNN50,EQ,20,SBI-ETF NIFTY NEXT 50,INF200KA1598,729.49
19184,SFL,EQ,20,SHEELA FOAM LIMITED,INE916U01025,634.05
13367,SGL,EQ,20,STL GLOBAL LIMITED,INE353H01010,15.99
29075,SGLTL,EQ,20,STANDARD GLASS LIN TECH L,INE0M4D01010,184.61
20296,SHAH,EQ,20,SHAH METACORP LIMITED,INE482J01021,3.15
25574,SHAKTIPUMP,EQ,20,SHAKTI PUMPS (I) LTD,INE908D01010,864.0
714,SHALBY,EQ,20,SHALBY LIMITED,INE597J01018,187.85
20321,SHANKARA,EQ,20,SHANKARA BLDG PRODUCT LTD,INE274V01019,888.8
3078,SHANTIGEAR,EQ,20,SHANTHI GEARS LTD,INE631A01022,499.0
4992,SHARDACROP,EQ,20,SHARDA CROPCHEM LTD.,INE221J01015,750.75
10530,SHARDAMOTR,EQ,20,SHARDA MOTOR INDS LTD,INE597I01028,1959.0
104,SHAREINDIA,EQ,20,SHARE IND. SECURITIES LTD,INE932X01026,179.5
17044,SHARIABEES,EQ,20,NIP IND ETF SHARIAH BEES,INF732E01128,515.0
17752,SHILPAMED,EQ,20,SHILPA MEDICARE LTD,INE790G01031,901.4
7016,SHIVALIK,EQ,20,SHIVALIK RASAYAN LIMITED,INE788J01021,580.0
13756,SHIVAMAUTO,EQ,20,SHIVAM AUTO.LTD,INE637H01024,33.5
1497,SHIVAMILLS,EQ,20,SHIVA MILLS LIMITED,INE644Y01017,78.89
804,SHIVATEX,EQ,20,SHIVA TEXYARN LIMITED,INE705C01020,232.49
11212,SHK,EQ,20,S H KELKAR AND CO. LTD.,INE500L01026,246.2
11813,SHOPERSTOP,EQ,20,SHOPPERS STOP LIMITED,INE498B01024,508.7
3099,SHREDIGCEM,EQ,20,SHREE DIGVIJAY CEM CO LTD,INE232A01011,82.56
10588,SHREEPUSHK,EQ,20,SHRE PUSH CHEM & FERT LTD,INE712K01011,306.85
3126,SHREYANIND,EQ,20,SHREYANS INDUSTRIES LTD,INE231C01019,224.6
17186,SHRIPISTON,EQ,20,SHRIRAM PIST. & RING LTD,INE526E01018,2514.2
7200,SHRIRAMPPS,EQ,20,SHRIRAM PROPERTIES LTD,INE217L01019,94.46
4693,SHYAMMETL,EQ,20,SHYAM METALICS AND ENGY L,INE810G01011,878.0
6663,SIGACHI,EQ,20,SIGACHI INDUSTRIES LTD,INE0D0K01022,54.5
4522,SIGIND,EQ,20,SIGNET INDUSTRIES LIMITED,INE529F01035,75.03
18743,SIGNATURE,EQ,20,SIGNATUREGLOBAL INDIA LTD,INE903U01023,1234.1
22656,SIGNPOST,EQ,20,SIGNPOST INDIA LIMITED,INE0KGZ01021,199.0
6218,SIKKO,EQ,20,SIKKO INDUSTRIES LIMITED,INE112X01017,77.29
11297,SIL,EQ,20,STANDARD INDUSTRIES LTD.,INE173A01025,19.6
4105,SILINV,EQ,20,SIL INVESTMENTS LIMITED,INE923A01015,619.25
19097,SILLYMONKS,EQ,20,SILLY MONKS ENTERTAIN LTD,INE203Y01012,16.67
8003,SILVER,EQ,20,BIRLASLAMC - SILVER,INF209KB19F6,101.29
13082,SILVER1,EQ,20,KOTAKMAMC - KOTAKSILVE,INF174KA1KU9,96.37
756150,SILVER360,EQ,20,360ONEAMC - SILVER360,INF579M01BC3,100.14
10761,SILVERADD,EQ,20,DSPAMC - DSPSILVETF,INF740KA1RE3,96.0
8080,SILVERBEES,EQ,20,NIPPONAMC - NETFSILVER,INF204KC1402,95.1
30274,SILVERCASE,EQ,20,ZERODHAAMC - SILVERCASE,INF0R8F01091,10.34
15085,SILVERETF,EQ,20,UTIAMC - SILVERETF,INF789F1AYK6,96.21
7942,SILVERIETF,EQ,20,ICICIPRAMC - ICICISILVE,INF109KC1Y56,98.95
9422,SILVERTUC,EQ,20,SILVER TOUCH TECHNO LTD,INE625X01018,786.95
16777,SILVRETF,EQ,20,MIRAEAMC - MASILVER,INF769K01KG6,97.87
23480,SINCLAIR,EQ,20,SINCLAIRS HOTELS LIMITED,INE985A01022,95.21
381,SINTERCOM,EQ,20,SINTERCOM INDIA LIMITED,INE129Z01016,141.9
11050,SIRCA,EQ,20,SIRCA PAINT INDIA LIMITED,INE792Z01011,359.8
21501,SIS,EQ,20,SIS LIMITED,INE285J01028,360.0
14096,SIYSIL,EQ,20,SIYARAM SILK MILLS LTD,INE076B01028,740.95
6643,SJS,EQ,20,SJS ENTERPRISES LIMITED,INE284S01014,1162.7
3186,SKFINDIA,EQ,20,SKF INDIA LTD,INE640A01023,4769.9
9428,SKIPPER,EQ,20,SKIPPER LIMITED,INE439E01022,503.0
4732,SKMEGGPROD,EQ,20,SKM EGG PROD EXPORT(I) LT,INE411D01015,207.94
22832,SMALLCAP,EQ,20,MIRAEAMC - SMALLCAP,INF769K01LC3,46.33
2320,SMCGLOBAL,EQ,20,SMC GLOBAL SECURITIES LTD,INE103C01036,119.0
6843,SMLT,EQ,20,SARTHAK METALS LIMITED,INE017W01010,121.34
14329,SMSPHARMA,EQ,20,SMS PHARMACEUTICALS LTD.,INE812G01025,263.5
4843,SNOWMAN,EQ,20,SNOWMAN LOGISTICS LTD.,INE734N01019,59.0
13826,SOBHA,EQ,20,SOBHA LIMITED,INE671H01015,1478.0
3880,SOMANYCERA,EQ,20,SOMANY CERAMICS LIMITED,INE355A01028,484.55
4201,SOMATEX,EQ,20,SOMA TEXTILES & INDUST LT,INE314C01013,45.79
17794,SOMICONVEY,EQ,20,SOMI CONVEYOR BELT. LTD.,INE323J01019,167.19
8806,SONAMLTD,EQ,20,SONAM LIMITED,INE00LM01029,40.09
6596,SONATSOFTW,EQ,20,SONATA SOFTWARE LTD,INE269A01021,413.6
3021,SOTL,EQ,20,SAVITA OIL TECHNOLO. LTD,INE035D01020,455.0
5948,SOUTHBANK,EQ,20,THE SOUTH INDIAN BANK LTD,INE683A01023,30.2
9678,SOUTHWEST,EQ,20,SOUTH WEST PINNACLE LTD,INE980Y01015,149.0
18252,SPAL,EQ,20,S. P. APPARELS LIMITED,INE212I01016,857.0
11435,SPANDANA,EQ,20,SPANDANA SPHOORTY FIN LTD,INE572J01011,285.65
14788,SPARC,EQ,20,SUN PHARMA ADV.RES.CO.LTD,INE232I01014,204.4
27107,SPECIALITY,EQ,20,SPECIALITY REST LTD,INE247M01014,132.79
30455,SPECTRUM,EQ,20,SPECTRUM ELECTRIC IND LTD,INE01EO01010,1800.0
8163,SPENCERS,EQ,20,SPENCER S RETAIL LIMITED,INE020801028,64.49
3252,SPIC,EQ,20,SPIC LTD,INE147A01011,86.53
9617,SPLPETRO,EQ,20,SUPREME PETROCHEM LIMITED,INE663A01033,734.0
10733,SPORTKING,EQ,20,SPORTKING INDIA LIMITED,INE885H01029,110.6
25737,SRD,EQ,20,SHANKAR LAL RAMPAL LTD,INE01NE01012,59.89
31837,SREEL,EQ,20,SREELEATHERS LIMITED,INE099F01013,250.0
18119,SRGHFL,EQ,20,SRG HOUSING FINANCE L,INE559N01010,325.95
14582,SRHHYPOLTD,EQ,20,SREE RAYALSEEMA HHP LTD.,INE917H01012,581.05
23402,SRM,EQ,20,SRM CONTRACTORS LIMITED,INE0R6Z01013,467.9
24856,SSDL,EQ,20,SARASWATI SAREE DEPOT LTD,INE0PQ101010,104.52
11829,SSWL,EQ,20,STEEL STRIPS WHEELS LTD.,INE802C01033,246.0
24226,STANLEY,EQ,20,STANLEY LIFESTYLES LTD,INE01A001028,344.9
7374,STAR,EQ,20,STRIDES PHARMA SCI LTD,INE939A01011,828.3
21091,STARCEMENT,EQ,20,STAR CEMENT LIMITED,INE460H01021,220.15
7083,STARHEALTH,EQ,20,STAR HEALTH & AL INS CO L,INE575P01011,480.65
3291,STARPAPER,EQ,20,STAR PAPER MILLS LTD,INE733A01018,177.0
9305,STARTECK,EQ,20,STARTECK FINANCE LIMITED,INE992I01013,307.8
10948,STCINDIA,EQ,20,THE STATE TRADING CORPN,INE655A01013,156.95
6803,STEELCAS,EQ,20,STEELCAST LIMITED,INE124E01020,1045.6
10406,STEELCITY,EQ,20,STEEL CITY SECURITIES LTD,INE395H01011,103.4
21339,STEELXIND,EQ,20,STEEL EXCHANGE INDIA LTD,INE503B01021,8.45
4299,STERTOOLS,EQ,20,STERLING TOOLS LIMITED,INE334A01023,332.0
9309,STLTECH,EQ,20,STERLITE TECHNOLOGIES LTD,INE089C01029,74.0
2107,STOVEKRAFT,EQ,20,STOVE KRAFT LIMITED,INE00IN01015,549.7
5186,STYLAMIND,EQ,20,STYLAM INDUSTRIES LIMITED,INE239C01020,1660.0
19,STYRENIX,EQ,20,STYRENIX PERFORMANCE LTD,INE189B01011,3300.0
967,SUBEXLTD,EQ,20,SUBEX LTD,INE754A01055,15.04
3324,SUBROS,EQ,20,SUBROS LIMITED,INE287B01021,767.0
3327,SUDARSCHEM,EQ,20,SUDARSHAN CHEMICAL INDS L,INE659A01023,1182.1
11804,SUKHJITS,EQ,20,SUKHJIT STARCH & CHEM LTD,INE450E01029,193.04
13218,SULA,EQ,20,SULA VINEYARDS LIMITED,INE142Q01026,299.2
17105,SUMICHEM,EQ,20,SUMITOMO CHEM INDIA LTD,INE258G01013,513.65
21275,SUMMITSEC,EQ,20,SUMMIT SECURITIES LTD,INE519C01017,2153.8
20956,SUNCLAY,EQ,20,SUNDARAM CLAYTON LIMITED,INE0Q3R01026,2514.0
18931,SUNDARAM,EQ,20,SUNDARAM MULTI PAP LTD,INE108E01023,2.17
3339,SUNDARMFIN,EQ,20,SUNDARAM FINANCE LTD,INE660A01013,5199.5
2183,SUNDARMHLD,EQ,20,SUNDARAM FINANCE HOLD LTD,INE202Z01029,400.8
3345,SUNDRMFAST,EQ,20,SUNDRAM FASTENERS LTD,INE387A01021,1039.8
1663,SUNDROP,EQ,20,SUNDROP BRANDS LIMITED,INE209A01019,960.15
3348,SUNFLAG,EQ,20,SUNFLAG IRON AND STEEL CO,INE947A01014,261.35
17641,SUNTECK,EQ,20,SUNTECK REALTY LIMITED,INE805D01034,431.0
13404,SUNTV,EQ,20,SUN TV NETWORK LIMITED,INE424H01027,645.3
20616,SUPERHOUSE,EQ,20,SUPERHOUSE LIMITED,INE712B01010,181.3
11689,SUPRAJIT,EQ,20,SUPRAJIT ENGINEERING LTD,INE399C01030,420.25
29439,SUPREME,EQ,20,SUPREME HOLDIN N HOSP I L,INE822E01011,105.44
7390,SUPRIYA,EQ,20,SUPRIYA LIFESCIENCE LTD,INE07RO01027,728.95
20822,SURAJEST,EQ,20,SURAJ ESTATE DEVELOPERS L,INE843S01025,328.5
24966,SURAJLTD,EQ,20,SURAJ LIMITED,INE713C01016,373.45
27334,SURAKSHA,EQ,20,SURAKSHA DIAGNOSTIC LTD,INE877V01027,334.7
21077,SURANASOL,EQ,20,SURANA SOLAR LIMITED,INE272L01022,38.74
10700,SURANAT&P,EQ,20,SURANA TELECOM AND POW LT,INE130B01031,20.89
11852,SURYALAXMI,EQ,20,SURYALAKSHMI COT MIL LTD,INE713B01026,71.48
3375,SURYAROSNI,EQ,20,SURYA ROSHNI LTD,INE335A01020,335.0
2970,SURYODAY,EQ,20,SURYODAY SMALL FIN BK LTD,INE428Q01011,149.0
12018,SUZLON,EQ,20,SUZLON ENERGY LIMITED,INE040H01021,73.5
27095,SWANENERGY,EQ,20,SWAN ENERGY LIMITED,INE665A01038,422.0
3384,SWARAJENG,EQ,20,SWARAJ ENGINES LTD,INE277A01016,3927.5
27066,SWIGGY,EQ,20,SWIGGY LIMITED,INE00H001014,343.55
12489,SWSOLAR,EQ,20,STRLNG & WIL REN ENE LTD,INE00M201021,313.6
24190,SYMPHONY,EQ,20,SYMPHONY LIMITED,INE225D01027,1225.5
11992,SYNCOMF,EQ,20,SYNCOM FORMU (I) LTD,INE312C01025,22.22
10793,SYRMA,EQ,20,SYRMA SGS TECHNOLOGY LTD,INE0DYJ01015,576.0
3396,TAINWALCHM,EQ,20,TAINWALA CHEMICAL AND PLA,INE123C01018,210.21
9354,TAJGVK,EQ,20,TAJ GVK HOTELS & RESORTS,INE586B01026,449.7
13648,TALBROAUTO,EQ,20,TALBROS AUTO. COMP. LTD,INE187D01029,302.0
13976,TANLA,EQ,20,TANLA PLATFORMS LIMITED,INE483C01032,634.0
14771,TARMAT,EQ,20,TARMAT LIMITED,INE924H01018,59.0
6943,TARSONS,EQ,20,TARSONS PRODUCTS LIMITED,INE144Z01023,391.7
20092,TASTYBITE,EQ,20,TASTY BITE EATABLES LTD,INE488B01017,10774.0
21401,TATAGOLD,EQ,20,TATAAML-TATAGOLD,INF277KA1976,10.5
1621,TATAINVEST,EQ,20,TATA INVESTMENT CORP LTD,INE672A01018,6829.0
21428,TATSILV,EQ,20,TATAAML-TATSILV,INF277KA1984,9.63
5162,TATVA,EQ,20,TATVA CHIN PHARM CHEM LTD,INE0GK401011,934.8
23740,TBOTEK,EQ,20,TBO TEK LIMITED,INE673O01025,1323.8
27037,TBZ,EQ,20,TRIB BHIMJI ZAVERI LTD,INE760L01018,189.8
10580,TCI,EQ,20,TRANSPORT CORPN OF INDIA,INE688A01022,1136.5
19223,TCIEXP,EQ,20,TCI EXPRESS LIMITED,INE586V01016,799.7
184,TCPLPACK,EQ,20,TCPL PACKAGING LIMITED,INE822C01015,4078.5
25178,TDPOWERSYS,EQ,20,TD POWER SYSTEMS LTD.,INE419M01027,523.05
12716,TEAMLEASE,EQ,20,TEAMLEASE SERVICES LTD.,INE985S01024,1991.5
6462,TECH,EQ,20,BIRLASLAMC - TECH,INF209KB11D8,39.87
6445,TECHNOE,EQ,20,TECHNO ELEC & ENG CO. LTD,INE285K01026,1468.8
7105,TEGA,EQ,20,TEGA INDUSTRIES LIMITED,INE011K01018,1641.7
21131,TEJASNET,EQ,20,TEJAS NETWORKS LIMITED,INE010J01012,721.85
11549,TEXINFRA,EQ,20,TEXMACO INFRA & HOLDG LTD,INE435C01024,100.99
18214,TEXMOPIPES,EQ,20,TEXMO PIPE & PRODUCTS LTD,INE141K01013,66.49
21828,TEXRAIL,EQ,20,TEXMACO RAIL & ENG. LTD.,INE621L01012,163.74
3466,TFCILTD,EQ,20,TOURISM FINANCE CORP. OF,INE305A01015,229.98
14607,TGBHOTELS,EQ,20,TGB BANQUETS&HOTELS LTD,INE797H01018,11.44
18118,THANGAMAYL,EQ,20,THANGAMAYIL JEWELLERY LTD,INE085J01014,1945.4
19279,THEJO,EQ,20,THEJO ENGINEERING LIMITED,INE121N01019,1960.0
14485,THEMISMED,EQ,20,THEMIS MEDICARE LTD.,INE083B01024,138.0
3475,THERMAX,EQ,20,THERMAX LTD,INE152A01029,3475.0
3481,THOMASCOOK,EQ,20,THOMAS COOK (INDIA) LTD,INE332A01027,177.0
17032,THYROCARE,EQ,20,THYROCARE TECH LTD,INE594H01019,1073.2
19196,TI,EQ,20,TILAKNAGAR INDUSTRIES LTD,INE133E01013,381.0
14223,TIIL,EQ,20,TECHNOCRAFT IND LTD,INE545H01011,3149.5
14707,TIMETECHNO,EQ,20,TIME TECHNOPLAST LTD.,INE508G01029,380.95
14198,TIMKEN,EQ,20,TIMKEN INDIA LTD.,INE325A01013,3269.9
756020,TINNARUBR,EQ,20,TINNA RUBBER AND INFR LTD,INE015C01016,976.4
9117,TIPSMUSIC,EQ,20,TIPS MUSIC LIMITED,INE716B01029,652.5
3496,TIRUMALCHM,EQ,20,THIRUMALAI CHEMICALS LTD,INE338A01024,271.8
10945,TMB,EQ,20,TAMILNAD MERCA BANK LTD,INE668A01016,460.0
8882,TNIDETF,EQ,20,TATAAML - TNIDETF,INF277KA1364,91.44
3509,TNPETRO,EQ,20,TAMILNADU PETROPRODUCTS L,INE148A01019,90.2
3980,TNPL,EQ,20,TAMILNADU NEWSPRT & PAPER,INE107A01015,167.95
3837,TOKYOPLAST,EQ,20,TOKYO PLAST INTL LTD,INE932C01012,161.0
24081,TOP100CASE,EQ,20,ZERODHAAMC - TOP100CASE,INF0R8F01067,10.99
25171,TOP10ADD,EQ,20,DSPAMC - TOP10ADD,INF740KA1UR9,98.79
22423,TOTAL,EQ,20,TOTAL TRANSPORT SYS LTD,INE336X01012,84.2
16908,TOUCHWOOD,EQ,20,TOUCHWOOD ENTERTAIN LTD.,INE486Y01013,92.4
9219,TPLPLASTEH,EQ,20,TPL PLASTECH LIMITED,INE413G01022,84.0
11582,TRACXN,EQ,20,TRACXN TECHNOLOGIES LTD,INE0HMF01019,60.05
28714,TRANSRAILL,EQ,20,TRANSRAIL LIGHTING LTD,INE454P01035,646.9
3129,TRANSWORLD,EQ,20,TRANSWORLD SHIP LINES LTD,INE757B01015,299.85
7518,TREJHARA,EQ,20,TREJHARA SOLUTIONS LTD,INE00CA01015,252.0
17795,TREL,EQ,20,TRANSINDIA REAL ESTATE L,INE0O3901029,34.0
17987,TRF,EQ,20,TRF LIMITED,INE391D01019,381.1
9685,TRIDENT,EQ,20,TRIDENT LIMITED,INE064C01022,31.92
5428,TRIGYN,EQ,20,TRIGYN TECHNOLOGIES LTD,INE948A01012,89.1
25584,TRITURBINE,EQ,20,TRIVENI TURBINE LIMITED,INE152M01016,582.9
13081,TRIVENI,EQ,20,TRIVENI ENGG. & INDS. LTD,INE256C01024,438.0
11369,TTKHLTCARE,EQ,20,TTK HEALTHCARE LIMITED,INE910C01018,1230.0
3546,TTKPRESTIG,EQ,20,TTK PRESTIGE LTD,INE690A01028,627.85
14314,TTL,EQ,20,T T LIMITED,INE592B01024,15.84
8954,TTML,EQ,20,TATA TELESERV(MAHARASTRA),INE517B01013,76.4
11265,TVSELECT,EQ,20,TVS ELECTRONICS LTD,INE236G01019,405.0
29008,TVSHLTD,EQ,20,TVS HOLDINGS LIMITED,INE105A01035,11899.0
18151,TVSSCS,EQ,20,TVS SUPPLY CHAIN SOL L,INE395N01027,129.2
14245,TVSSRICHAK,EQ,20,TVS SRICHAKRA LIMITED,INE421C01016,2949.0
11275,TVTODAY,EQ,20,TV TODAY NETWORK LTD,INE038F01029,171.95
16713,UBL,EQ,20,UNITED BREWERIES LTD,INE686F01025,2018.8
11223,UCOBANK,EQ,20,UCO BANK,INE691A01018,35.08
7276,UDAICEMENT,EQ,20,UDAIPUR CEMENT WORKS LTD,INE225C01029,31.38
19113,UDS,EQ,20,UPDATER SERVICES LIMITED,INE851I01011,328.0
1053,UFLEX,EQ,20,UFLEX LIMITED,INE516A01017,634.3
9039,UFO,EQ,20,UFO MOVIEZ INDIA LTD.,INE527H01019,70.7
19578,UGARSUGAR,EQ,20,THE UGAR SUGAR WORKS LTD,INE071E01023,50.2
5313,UGROCAP,EQ,20,UGRO CAPITAL LIMITED,INE583D01011,183.75
15228,UJJIVANSFB,EQ,20,UJJIVAN SMALL FINANC BANK,INE551W01018,44.78
8842,UMAEXPORTS,EQ,20,UMA EXPORTS LIMITED,INE0GIU01018,67.9
8998,UMIYA-MRO,EQ,20,UMIYA BUILDCON LIMITED,INE398B01018,76.9
3579,UNICHEMLAB,EQ,20,UNICHEM LABORATORIES LTD,INE351A01035,613.0
201,UNIDT,EQ,20,UNITED DRILLING TOOLS LTD,INE961D01019,203.15
24809,UNIECOM,EQ,20,UNICOMMERCE ESOLUTIONS L,INE00U401027,136.72
11293,UNIENTER,EQ,20,UNIPHOS ENTERPRISES LTD,INE037A01022,157.85
29687,UNIONGOLD,EQ,20,UNIONAMC - UNIONGOLD,INF582M01KS4,96.0
13057,UNIPARTS,EQ,20,UNIPARTS INDIA LIMITED,INE244O01017,365.0
17999,UNITEDTEA,EQ,20,UNITED NILGIRI TEA LTD,INE458F01011,432.8
3607,UNIVCABLES,EQ,20,UNIVERSAL CABLES LTD,INE279A01012,615.8
17659,UNIVPHOTO,EQ,20,UNIVERSUS IMAGINGS LTD,INE03V001013,233.0
20203,URJA,EQ,20,URJA GLOBAL LIMITED,INE550C01020,15.4
8840,USHAMART,EQ,20,USHA MARTIN LTD.,INE228A01035,314.0
14871,USK,EQ,20,UDAYSHIVAKUMAR INFRA LTD,INE0N0Y01013,38.94
527,UTIAMC,EQ,20,UTI ASSET MNGMT CO LTD,INE094J01016,1200.8
22440,UTIBANKETF,EQ,20,UTIAMC - UTIBANKETF,INF789F1AUV1,57.34
21478,UTINEXT50,EQ,20,UTIAMC - UTINEXT50,INF789F1AUW9,73.52
10511,UTINIFTETF,EQ,20,UTIAMC - UTINIFTETF,INF789F1AZC0,272.53
10515,UTISENSETF,EQ,20,UTIAMC - UTISENSETF,INF789FB1X58,895.24
9168,UTISXN50,EQ,20,UTIAMC - UTISXN50,INF789F1AUU3,89.08
17358,UTKARSHBNK,EQ,20,UTKARSH SMALL FIN BANK L,INE735W01017,24.34
13376,UTTAMSUGAR,EQ,20,UTTAM SUGAR MILLS LTD.,INE786F01031,318.0
25626,UYFINCORP,EQ,20,U. Y. FINCORP LIMITED,INE152C01025,18.23
24196,VADILALIND,EQ,20,VADILAL INDUSTRIES LTD,INE694D01016,5570.0
11364,VAIBHAVGBL,EQ,20,VAIBHAV GLOBAL LIMITED,INE884A01027,256.95
16589,VAISHALI,EQ,20,VAISHALI PHARMA LIMITED,INE972X01022,12.8
25851,VAL30IETF,EQ,20,ICICIPRAMC - VAL30IETF,INF109KC16X5,13.0
11220,VARDHACRLC,EQ,20,VARDHAMAN ACRYLICS LTD,INE116G01013,45.41
3857,VARROC,EQ,20,VARROC ENGINEERING LTD.,INE665L01035,558.85
18110,VASCONEQ,EQ,20,VASCON ENGINEERS LTD,INE893I01013,57.6
25340,VASWANI,EQ,20,VASWANI IND LTD,INE590L01019,45.39
9020,VCL,EQ,20,VAXTEX COTFAB LIMITED,INE098201036,1.07
14019,VEEDOL,EQ,20,VEEDOL CORPORATION LTD,INE484C01030,1712.0
3757,VENKEYS,EQ,20,VENKY S (INDIA) LIMITED,INE398A01010,1635.0
9592,VENUSPIPES,EQ,20,VENUS PIPES & TUBES LTD,INE0JA001018,1449.0
13859,VENUSREM,EQ,20,VENUS REMEDIES LIMITED,INE411B01019,476.9
8890,VERANDA,EQ,20,VERANDA LEARNING SOL LTD,INE0IQ001011,207.94
3676,VESUVIUS,EQ,20,VESUVIUS INDIA LTD,INE386A01015,6188.0
8652,VETO,EQ,20,VETO SWITCHGEAR CABLE LTD,INE918N01018,135.89
15362,VGUARD,EQ,20,V-GUARD IND LTD.,INE951I01027,379.35
11892,VHL,EQ,20,VARDHMAN HOLDINGS LIMITED,INE701A01023,4087.2
13536,VIDHIING,EQ,20,VIDHI SPCLTY F INGRDNTS L,INE632C01026,447.75
5585,VIJAYA,EQ,20,VIJAYA DIAGNOSTIC CEN LTD,INE043W01024,965.65
25756,VIKASECO,EQ,20,VIKAS ECOTECH LIMITED,INE806A01020,2.47
9931,VIKASLIFE,EQ,20,VIKAS LIFECARE LIMITED,INE161L01027,2.94
13101,VIMTALABS,EQ,20,VIMTA LABS LIMITED,INE579C01029,979.8
17364,VINATIORGA,EQ,20,VINATI ORGANICS LTD,INE410B01037,1855.0
25835,VINCOFE,EQ,20,VINTAGE COFFEE N BVRGS L,INE498Q01014,122.36
3694,VINDHYATEL,EQ,20,VINDHYA TELELINKS LTD,INE707A01012,1690.2
16821,VINYLINDIA,EQ,20,VINYL CHEMICALS (I) LTD.,INE250B01029,309.85
3703,VIPIND,EQ,20,VIP INDUSTRIES LTD,INE054A01027,367.6
15295,VIRINCHI,EQ,20,VIRINCHI LIMITED,INE539B01017,25.0
6908,VISHNU,EQ,20,VISHNU CHEMICALS LIMITED,INE270I01022,546.7
13702,VISHWARAJ,EQ,20,VISHWARAJ SUGAR IND LTD,INE430N01022,10.1
29877,VIVIDHA,EQ,20,VISAGAR POLYTEX LTD,INE370E01029,0.87
3715,VLSFINANCE,EQ,20,VLS FINANCE LTD,INE709A01018,244.78
29284,VMART,EQ,20,VMART RETAIL LTD,INE665J01013,3460.1
13577,VOLTAMP,EQ,20,VOLTAMP TRANSFORMERS LTD,INE540H01012,8528.0
18341,VPRPL,EQ,20,VISHNU PRAKASH R PUNGLI L,INE0AE001013,171.6
24321,VRAJ,EQ,20,VRAJ IRON AND STEEL LTD,INE0S2V01010,180.45
8696,VRLLOG,EQ,20,VRL LOGISTICS LIMITED,INE366I01010,573.2
27067,VSSL,EQ,20,VARDHMAN SPC STEEL LTD,INE050M01012,291.0
3724,VSTIND,EQ,20,VST INDUSTRIES LTD,INE710A01016,287.65
22730,VSTL,EQ,20,VIBHOR STEEL TUBES LTD,INE0QTF01015,154.63
24292,VSTTILLERS,EQ,20,VST TILLERS TRACTORS LTD,INE764D01017,3989.2
2073,VTL,EQ,20,VARDHMAN TEXTILES LIMITED,INE825A01020,497.0
25907,WAAREEENER,EQ,20,WAAREE ENERGIES LIMITED,INE377N01017,2984.9
756038,WAAREERTL,EQ,20,WAAREE RENEWABLE TECH LTD,INE299N01021,1055.3
20188,WABAG,EQ,20,VA TECH WABAG LTD,INE956G01038,1658.7
25403,WCIL,EQ,20,WESTERN CARRIERS (IND) L,INE0CJF01024,111.69
3748,WEIZMANIND,EQ,20,WEIZMANN LTD,INE080A01014,120.99
7835,WEL,EQ,20,WONDER ELECTRICALS LTD,INE02WG01024,180.5
11821,WELCORP,EQ,20,WELSPUN CORP LIMITED,INE191B01025,946.8
11626,WELENT,EQ,20,WELSPUN ENTERPRISES LTD.,INE625G01013,508.8
19800,WELINV,EQ,20,WELSPUN INV & COMM LTD,INE389K01018,969.95
11253,WELSPUNLIV,EQ,20,WELSPUN LIVING LIMITED,INE192B01031,135.49
4235,WENDT,EQ,20,WENDT (INDIA) LIMITED,INE274C01019,8570.0
11580,WESTLIFE,EQ,20,WESTLIFE FOODWORLD LTD,INE274F01020,679.7
3766,WHEELS,EQ,20,WHEELS INDIA LTD,INE715A01015,751.0
18011,WHIRLPOOL,EQ,20,WHIRLPOOL OF INDIA LTD,INE716A01013,1250.0
3772,WILLAMAGOR,EQ,20,WILLIAMSON MAGOR,INE210A01017,32.05
5366,WINDLAS,EQ,20,WINDLAS BIOTECH LIMITED,INE0H5O01029,934.95
3002,WONDERLA,EQ,20,WONDERLA HOLIDAYS LTD.,INE066O01014,662.25
22277,WORTH,EQ,20,WORTH PERIPHERALS LIMITED,INE196Y01018,158.46
3799,WSTCSTPAPR,EQ,20,WEST COAST PAPER MILLS LT,INE976A01021,494.25
11705,XCHANGING,EQ,20,XCHANGING SOLUTIONS LTD,INE692G01013,102.5
11407,XPROINDIA,EQ,20,XPRO INDIA LIMITED,INE445C01015,1210.0
25235,XTGLOBAL,EQ,20,XTGLOBAL INFOTECH LIMITED,INE547B01028,35.2
18131,YASHO,EQ,20,YASHO INDUSTRIES LIMITED,INE616Z01012,2159.0
17738,YATHARTH,EQ,20,YATHARTH HOSP & TRA C S L,INE0JO301016,522.0
18760,YATRA,EQ,20,YATRA ONLINE LIMITED,INE0JR601024,103.59
5501,YUKEN,EQ,20,YUKEN INDIA LIMITED,INE384C01016,1059.5
3812,ZEEL,EQ,20,ZEE ENTERTAINMENT ENT LTD,INE256A01028,131.28
14003,ZEEMEDIA,EQ,20,ZEE MEDIA CORPORATION LTD,INE966H01019,14.2
14562,ZENITHSTL,EQ,20,ZENITH STEEL PIP IND LTD,INE318D01020,7.37
1076,ZENSARTECH,EQ,20,ZENSAR TECHNOLOGIES  LTD,INE520A01027,833.0
16915,ZFCVINDIA,EQ,20,ZF COM VE CTR SYS IND LTD,INE342J01019,13799.0
12384,ZIMLAB,EQ,20,ZIM LABORATORIES LIMITED,INE518E01015,89.98
3821,ZODIACLOTH,EQ,20,ZODIAC CLOTHING CO. LTD.,INE206B01013,115.5
11394,ZOTA,EQ,20,ZOTA HEALTH CARE LIMITED,INE358U01012,1012.1
29050,ZUARI,EQ,20,ZUARI AGRO CHEMICALS LTD,INE840M01016,216.5
3827,ZUARIIND,EQ,20,ZUARI INDUSTRIES LIMITED,INE217A01012,286.0
17635,ZYDUSWELL,EQ,20,ZYDUS WELLNESS LIMITED,INE768C01010,1990.3
